[
{
    "model": "admin.logentry",
    "pk": 1,
    "fields": {
        "action_time": "2024-03-09T18:52:28.704Z",
        "user": 1,
        "content_type": 3,
        "object_id": "1",
        "object_repr": "Clientes",
        "action_flag": 1,
        "change_message": "[{\"added\": {}}]"
    }
},
{
    "model": "admin.logentry",
    "pk": 2,
    "fields": {
        "action_time": "2024-03-09T18:52:36.366Z",
        "user": 1,
        "content_type": 3,
        "object_id": "2",
        "object_repr": "Entrenadores",
        "action_flag": 1,
        "change_message": "[{\"added\": {}}]"
    }
},
{
    "model": "admin.logentry",
    "pk": 3,
    "fields": {
        "action_time": "2024-03-09T21:15:57.973Z",
        "user": 1,
        "content_type": 8,
        "object_id": "2",
        "object_repr": "Ejercicio object (2)",
        "action_flag": 2,
        "change_message": "[{\"changed\": {\"fields\": [\"Nombre\", \"Descripcion\"]}}]"
    }
},
{
    "model": "admin.logentry",
    "pk": 4,
    "fields": {
        "action_time": "2024-03-09T21:16:20.019Z",
        "user": 1,
        "content_type": 8,
        "object_id": "3",
        "object_repr": "Ejercicio object (3)",
        "action_flag": 2,
        "change_message": "[{\"changed\": {\"fields\": [\"Nombre\", \"Grupos musculares\"]}}]"
    }
},
{
    "model": "admin.logentry",
    "pk": 5,
    "fields": {
        "action_time": "2024-03-09T21:16:28.501Z",
        "user": 1,
        "content_type": 8,
        "object_id": "2",
        "object_repr": "Ejercicio object (2)",
        "action_flag": 2,
        "change_message": "[{\"changed\": {\"fields\": [\"Grupos musculares\"]}}]"
    }
},
{
    "model": "admin.logentry",
    "pk": 6,
    "fields": {
        "action_time": "2024-03-09T22:21:03.634Z",
        "user": 1,
        "content_type": 20,
        "object_id": "1",
        "object_repr": "HistorialEjercicio object (1)",
        "action_flag": 2,
        "change_message": "[{\"changed\": {\"fields\": [\"Peso\", \"Calorias\"]}}]"
    }
},
{
    "model": "admin.logentry",
    "pk": 7,
    "fields": {
        "action_time": "2024-03-09T22:21:36.889Z",
        "user": 1,
        "content_type": 20,
        "object_id": "11",
        "object_repr": "HistorialEjercicio object (11)",
        "action_flag": 2,
        "change_message": "[{\"changed\": {\"fields\": [\"Peso\", \"Calorias\"]}}]"
    }
},
{
    "model": "admin.logentry",
    "pk": 8,
    "fields": {
        "action_time": "2024-03-10T02:00:31.206Z",
        "user": 1,
        "content_type": 20,
        "object_id": "48",
        "object_repr": "HistorialEjercicio object (48)",
        "action_flag": 1,
        "change_message": "[{\"added\": {}}]"
    }
},
{
    "model": "admin.logentry",
    "pk": 9,
    "fields": {
        "action_time": "2024-03-10T02:01:01.496Z",
        "user": 1,
        "content_type": 20,
        "object_id": "49",
        "object_repr": "HistorialEjercicio object (49)",
        "action_flag": 1,
        "change_message": "[{\"added\": {}}]"
    }
},
{
    "model": "admin.logentry",
    "pk": 10,
    "fields": {
        "action_time": "2024-03-10T10:45:19.523Z",
        "user": 1,
        "content_type": 20,
        "object_id": "50",
        "object_repr": "HistorialEjercicio object (50)",
        "action_flag": 1,
        "change_message": "[{\"added\": {}}]"
    }
},
{
    "model": "admin.logentry",
    "pk": 11,
    "fields": {
        "action_time": "2024-03-10T11:56:24.719Z",
        "user": 1,
        "content_type": 20,
        "object_id": "51",
        "object_repr": "HistorialEjercicio object (51)",
        "action_flag": 1,
        "change_message": "[{\"added\": {}}]"
    }
},
{
    "model": "admin.logentry",
    "pk": 12,
    "fields": {
        "action_time": "2024-03-10T13:53:47.492Z",
        "user": 1,
        "content_type": 11,
        "object_id": "15",
        "object_repr": "Musculo object (15)",
        "action_flag": 2,
        "change_message": "[{\"changed\": {\"fields\": [\"Nombre\"]}}]"
    }
},
{
    "model": "admin.logentry",
    "pk": 13,
    "fields": {
        "action_time": "2024-03-10T13:53:51.302Z",
        "user": 1,
        "content_type": 11,
        "object_id": "15",
        "object_repr": "Musculo object (15)",
        "action_flag": 2,
        "change_message": "[]"
    }
},
{
    "model": "admin.logentry",
    "pk": 14,
    "fields": {
        "action_time": "2024-03-10T13:54:05.713Z",
        "user": 1,
        "content_type": 11,
        "object_id": "1",
        "object_repr": "Musculo object (1)",
        "action_flag": 2,
        "change_message": "[{\"changed\": {\"fields\": [\"Nombre\"]}}]"
    }
},
{
    "model": "admin.logentry",
    "pk": 15,
    "fields": {
        "action_time": "2024-03-10T13:54:31.365Z",
        "user": 1,
        "content_type": 11,
        "object_id": "2",
        "object_repr": "Musculo object (2)",
        "action_flag": 2,
        "change_message": "[{\"changed\": {\"fields\": [\"Nombre\"]}}]"
    }
},
{
    "model": "admin.logentry",
    "pk": 16,
    "fields": {
        "action_time": "2024-03-10T13:54:46.213Z",
        "user": 1,
        "content_type": 11,
        "object_id": "10",
        "object_repr": "Musculo object (10)",
        "action_flag": 2,
        "change_message": "[{\"changed\": {\"fields\": [\"Nombre\"]}}]"
    }
},
{
    "model": "admin.logentry",
    "pk": 17,
    "fields": {
        "action_time": "2024-03-10T13:55:36.177Z",
        "user": 1,
        "content_type": 11,
        "object_id": "14",
        "object_repr": "Glúteos",
        "action_flag": 2,
        "change_message": "[{\"changed\": {\"fields\": [\"Nombre\"]}}]"
    }
},
{
    "model": "admin.logentry",
    "pk": 18,
    "fields": {
        "action_time": "2024-03-10T13:58:47.049Z",
        "user": 1,
        "content_type": 21,
        "object_id": "15",
        "object_repr": "Grupo muscular mediano",
        "action_flag": 2,
        "change_message": "[{\"changed\": {\"fields\": [\"Nombre\", \"Musculos\"]}}]"
    }
},
{
    "model": "admin.logentry",
    "pk": 19,
    "fields": {
        "action_time": "2024-03-10T13:59:14.914Z",
        "user": 1,
        "content_type": 11,
        "object_id": "13",
        "object_repr": "Dorsal",
        "action_flag": 2,
        "change_message": "[{\"changed\": {\"fields\": [\"Nombre\"]}}]"
    }
},
{
    "model": "admin.logentry",
    "pk": 20,
    "fields": {
        "action_time": "2024-03-10T13:59:26.018Z",
        "user": 1,
        "content_type": 11,
        "object_id": "12",
        "object_repr": "Tríceps",
        "action_flag": 2,
        "change_message": "[{\"changed\": {\"fields\": [\"Nombre\"]}}]"
    }
},
{
    "model": "admin.logentry",
    "pk": 21,
    "fields": {
        "action_time": "2024-03-10T13:59:42.271Z",
        "user": 1,
        "content_type": 11,
        "object_id": "11",
        "object_repr": "Abdominales",
        "action_flag": 2,
        "change_message": "[{\"changed\": {\"fields\": [\"Nombre\"]}}]"
    }
},
{
    "model": "admin.logentry",
    "pk": 22,
    "fields": {
        "action_time": "2024-03-10T14:00:06.335Z",
        "user": 1,
        "content_type": 11,
        "object_id": "9",
        "object_repr": "Gemelos",
        "action_flag": 2,
        "change_message": "[{\"changed\": {\"fields\": [\"Nombre\"]}}]"
    }
},
{
    "model": "admin.logentry",
    "pk": 23,
    "fields": {
        "action_time": "2024-03-10T14:00:51.629Z",
        "user": 1,
        "content_type": 11,
        "object_id": "8",
        "object_repr": "Hombro",
        "action_flag": 2,
        "change_message": "[{\"changed\": {\"fields\": [\"Nombre\"]}}]"
    }
},
{
    "model": "admin.logentry",
    "pk": 24,
    "fields": {
        "action_time": "2024-03-10T14:01:18.919Z",
        "user": 1,
        "content_type": 11,
        "object_id": "7",
        "object_repr": "Isquiotibiales",
        "action_flag": 2,
        "change_message": "[{\"changed\": {\"fields\": [\"Nombre\"]}}]"
    }
},
{
    "model": "admin.logentry",
    "pk": 25,
    "fields": {
        "action_time": "2024-03-10T14:02:37.165Z",
        "user": 1,
        "content_type": 11,
        "object_id": "6",
        "object_repr": "Sóleo",
        "action_flag": 2,
        "change_message": "[{\"changed\": {\"fields\": [\"Nombre\"]}}]"
    }
},
{
    "model": "admin.logentry",
    "pk": 26,
    "fields": {
        "action_time": "2024-03-10T14:02:45.969Z",
        "user": 1,
        "content_type": 11,
        "object_id": "5",
        "object_repr": "Trapecio",
        "action_flag": 2,
        "change_message": "[{\"changed\": {\"fields\": [\"Nombre\"]}}]"
    }
},
{
    "model": "admin.logentry",
    "pk": 27,
    "fields": {
        "action_time": "2024-03-10T14:02:54.350Z",
        "user": 1,
        "content_type": 11,
        "object_id": "4",
        "object_repr": "Deltoides",
        "action_flag": 2,
        "change_message": "[{\"changed\": {\"fields\": [\"Nombre\"]}}]"
    }
},
{
    "model": "admin.logentry",
    "pk": 28,
    "fields": {
        "action_time": "2024-03-10T14:05:22.441Z",
        "user": 1,
        "content_type": 11,
        "object_id": "3",
        "object_repr": "Romboides",
        "action_flag": 2,
        "change_message": "[{\"changed\": {\"fields\": [\"Nombre\"]}}]"
    }
},
{
    "model": "admin.logentry",
    "pk": 29,
    "fields": {
        "action_time": "2024-03-10T14:07:22.425Z",
        "user": 1,
        "content_type": 21,
        "object_id": "15",
        "object_repr": "Grupo muscular mediano",
        "action_flag": 2,
        "change_message": "[{\"changed\": {\"fields\": [\"Musculos\"]}}]"
    }
},
{
    "model": "admin.logentry",
    "pk": 30,
    "fields": {
        "action_time": "2024-03-10T14:07:48.714Z",
        "user": 1,
        "content_type": 21,
        "object_id": "14",
        "object_repr": "Grupo muscular mediano",
        "action_flag": 2,
        "change_message": "[{\"changed\": {\"fields\": [\"Nombre\", \"Musculos\"]}}]"
    }
},
{
    "model": "admin.logentry",
    "pk": 31,
    "fields": {
        "action_time": "2024-03-10T14:08:07.963Z",
        "user": 1,
        "content_type": 21,
        "object_id": "13",
        "object_repr": "Grupos musculares mediano",
        "action_flag": 2,
        "change_message": "[{\"changed\": {\"fields\": [\"Nombre\", \"Musculos\"]}}]"
    }
},
{
    "model": "admin.logentry",
    "pk": 32,
    "fields": {
        "action_time": "2024-03-10T14:08:32.132Z",
        "user": 1,
        "content_type": 21,
        "object_id": "12",
        "object_repr": "Grupos musculares pequeños",
        "action_flag": 2,
        "change_message": "[{\"changed\": {\"fields\": [\"Nombre\", \"Musculos\"]}}]"
    }
},
{
    "model": "admin.logentry",
    "pk": 33,
    "fields": {
        "action_time": "2024-03-10T14:09:02.485Z",
        "user": 1,
        "content_type": 21,
        "object_id": "11",
        "object_repr": "Grupos musculares mediano",
        "action_flag": 2,
        "change_message": "[{\"changed\": {\"fields\": [\"Nombre\", \"Musculos\"]}}]"
    }
},
{
    "model": "admin.logentry",
    "pk": 34,
    "fields": {
        "action_time": "2024-03-10T14:10:06.396Z",
        "user": 1,
        "content_type": 21,
        "object_id": "10",
        "object_repr": "Grupos musculares grandes",
        "action_flag": 2,
        "change_message": "[{\"changed\": {\"fields\": [\"Nombre\", \"Nivel\", \"Musculos\"]}}]"
    }
},
{
    "model": "admin.logentry",
    "pk": 35,
    "fields": {
        "action_time": "2024-03-10T14:10:31.024Z",
        "user": 1,
        "content_type": 21,
        "object_id": "9",
        "object_repr": "Grupos musculares grandes",
        "action_flag": 2,
        "change_message": "[{\"changed\": {\"fields\": [\"Nombre\", \"Nivel\", \"Musculos\"]}}]"
    }
},
{
    "model": "admin.logentry",
    "pk": 36,
    "fields": {
        "action_time": "2024-03-10T14:11:07.685Z",
        "user": 1,
        "content_type": 21,
        "object_id": "8",
        "object_repr": "Grupos musculares pequeños",
        "action_flag": 2,
        "change_message": "[{\"changed\": {\"fields\": [\"Nombre\", \"Musculos\"]}}]"
    }
},
{
    "model": "admin.logentry",
    "pk": 37,
    "fields": {
        "action_time": "2024-03-10T14:13:38.718Z",
        "user": 1,
        "content_type": 8,
        "object_id": "1",
        "object_repr": "Sentadillas",
        "action_flag": 2,
        "change_message": "[{\"changed\": {\"fields\": [\"Descripcion\", \"Grupos musculares\"]}}]"
    }
},
{
    "model": "admin.logentry",
    "pk": 38,
    "fields": {
        "action_time": "2024-03-10T23:52:08.513Z",
        "user": 1,
        "content_type": 19,
        "object_id": "16",
        "object_repr": "Perfil de Gabriela, Edad: 30, Altura: 166.0, Peso: 48.0",
        "action_flag": 1,
        "change_message": "[{\"added\": {}}]"
    }
},
{
    "model": "admin.logentry",
    "pk": 39,
    "fields": {
        "action_time": "2024-03-10T23:53:26.692Z",
        "user": 1,
        "content_type": 19,
        "object_id": "16",
        "object_repr": "Perfil de Gabriela, Edad: 30, Altura: 166.0, Peso: 48.0",
        "action_flag": 2,
        "change_message": "[]"
    }
},
{
    "model": "admin.logentry",
    "pk": 40,
    "fields": {
        "action_time": "2024-03-10T23:53:55.660Z",
        "user": 1,
        "content_type": 19,
        "object_id": "15",
        "object_repr": "Perfil de Angela, Edad: 53, Altura: 160.0, Peso: 66.0",
        "action_flag": 2,
        "change_message": "[{\"changed\": {\"fields\": [\"Usuario\", \"Edad\", \"Altura\", \"Peso\"]}}]"
    }
},
{
    "model": "admin.logentry",
    "pk": 41,
    "fields": {
        "action_time": "2024-03-11T00:43:44.559Z",
        "user": 1,
        "content_type": 6,
        "object_id": "19",
        "object_repr": "Gabriela",
        "action_flag": 2,
        "change_message": "[{\"changed\": {\"fields\": [\"First name\", \"Last name\"]}}]"
    }
},
{
    "model": "admin.logentry",
    "pk": 42,
    "fields": {
        "action_time": "2024-03-11T11:04:17.781Z",
        "user": 1,
        "content_type": 8,
        "object_id": "1",
        "object_repr": "Sentadillas",
        "action_flag": 2,
        "change_message": "[{\"changed\": {\"fields\": [\"Grupos musculares\"]}}]"
    }
},
{
    "model": "admin.logentry",
    "pk": 43,
    "fields": {
        "action_time": "2024-03-11T16:42:35.861Z",
        "user": 1,
        "content_type": 19,
        "object_id": "17",
        "object_repr": "Perfil de juanito, Edad: 25, Altura: 185.0, Peso: 84.0",
        "action_flag": 1,
        "change_message": "[{\"added\": {}}]"
    }
},
{
    "model": "admin.logentry",
    "pk": 44,
    "fields": {
        "action_time": "2024-03-11T18:58:49.235Z",
        "user": 1,
        "content_type": 3,
        "object_id": "1",
        "object_repr": "Clientes",
        "action_flag": 2,
        "change_message": "[{\"changed\": {\"fields\": [\"Permissions\"]}}]"
    }
},
{
    "model": "admin.logentry",
    "pk": 45,
    "fields": {
        "action_time": "2024-03-11T19:00:08.378Z",
        "user": 1,
        "content_type": 3,
        "object_id": "2",
        "object_repr": "Entrenadores",
        "action_flag": 2,
        "change_message": "[{\"changed\": {\"fields\": [\"Permissions\"]}}]"
    }
},
{
    "model": "admin.logentry",
    "pk": 46,
    "fields": {
        "action_time": "2024-03-11T19:00:19.410Z",
        "user": 1,
        "content_type": 3,
        "object_id": "1",
        "object_repr": "Clientes",
        "action_flag": 2,
        "change_message": "[]"
    }
},
{
    "model": "admin.logentry",
    "pk": 47,
    "fields": {
        "action_time": "2024-03-11T19:02:49.588Z",
        "user": 1,
        "content_type": 3,
        "object_id": "1",
        "object_repr": "Clientes",
        "action_flag": 2,
        "change_message": "[]"
    }
},
{
    "model": "auth.permission",
    "pk": 1,
    "fields": {
        "name": "Can add log entry",
        "content_type": 1,
        "codename": "add_logentry"
    }
},
{
    "model": "auth.permission",
    "pk": 2,
    "fields": {
        "name": "Can change log entry",
        "content_type": 1,
        "codename": "change_logentry"
    }
},
{
    "model": "auth.permission",
    "pk": 3,
    "fields": {
        "name": "Can delete log entry",
        "content_type": 1,
        "codename": "delete_logentry"
    }
},
{
    "model": "auth.permission",
    "pk": 4,
    "fields": {
        "name": "Can view log entry",
        "content_type": 1,
        "codename": "view_logentry"
    }
},
{
    "model": "auth.permission",
    "pk": 5,
    "fields": {
        "name": "Can add permission",
        "content_type": 2,
        "codename": "add_permission"
    }
},
{
    "model": "auth.permission",
    "pk": 6,
    "fields": {
        "name": "Can change permission",
        "content_type": 2,
        "codename": "change_permission"
    }
},
{
    "model": "auth.permission",
    "pk": 7,
    "fields": {
        "name": "Can delete permission",
        "content_type": 2,
        "codename": "delete_permission"
    }
},
{
    "model": "auth.permission",
    "pk": 8,
    "fields": {
        "name": "Can view permission",
        "content_type": 2,
        "codename": "view_permission"
    }
},
{
    "model": "auth.permission",
    "pk": 9,
    "fields": {
        "name": "Can add group",
        "content_type": 3,
        "codename": "add_group"
    }
},
{
    "model": "auth.permission",
    "pk": 10,
    "fields": {
        "name": "Can change group",
        "content_type": 3,
        "codename": "change_group"
    }
},
{
    "model": "auth.permission",
    "pk": 11,
    "fields": {
        "name": "Can delete group",
        "content_type": 3,
        "codename": "delete_group"
    }
},
{
    "model": "auth.permission",
    "pk": 12,
    "fields": {
        "name": "Can view group",
        "content_type": 3,
        "codename": "view_group"
    }
},
{
    "model": "auth.permission",
    "pk": 13,
    "fields": {
        "name": "Can add content type",
        "content_type": 4,
        "codename": "add_contenttype"
    }
},
{
    "model": "auth.permission",
    "pk": 14,
    "fields": {
        "name": "Can change content type",
        "content_type": 4,
        "codename": "change_contenttype"
    }
},
{
    "model": "auth.permission",
    "pk": 15,
    "fields": {
        "name": "Can delete content type",
        "content_type": 4,
        "codename": "delete_contenttype"
    }
},
{
    "model": "auth.permission",
    "pk": 16,
    "fields": {
        "name": "Can view content type",
        "content_type": 4,
        "codename": "view_contenttype"
    }
},
{
    "model": "auth.permission",
    "pk": 17,
    "fields": {
        "name": "Can add session",
        "content_type": 5,
        "codename": "add_session"
    }
},
{
    "model": "auth.permission",
    "pk": 18,
    "fields": {
        "name": "Can change session",
        "content_type": 5,
        "codename": "change_session"
    }
},
{
    "model": "auth.permission",
    "pk": 19,
    "fields": {
        "name": "Can delete session",
        "content_type": 5,
        "codename": "delete_session"
    }
},
{
    "model": "auth.permission",
    "pk": 20,
    "fields": {
        "name": "Can view session",
        "content_type": 5,
        "codename": "view_session"
    }
},
{
    "model": "auth.permission",
    "pk": 21,
    "fields": {
        "name": "Can add user",
        "content_type": 6,
        "codename": "add_usuario"
    }
},
{
    "model": "auth.permission",
    "pk": 22,
    "fields": {
        "name": "Can change user",
        "content_type": 6,
        "codename": "change_usuario"
    }
},
{
    "model": "auth.permission",
    "pk": 23,
    "fields": {
        "name": "Can delete user",
        "content_type": 6,
        "codename": "delete_usuario"
    }
},
{
    "model": "auth.permission",
    "pk": 24,
    "fields": {
        "name": "Can view user",
        "content_type": 6,
        "codename": "view_usuario"
    }
},
{
    "model": "auth.permission",
    "pk": 25,
    "fields": {
        "name": "Can add cliente",
        "content_type": 7,
        "codename": "add_cliente"
    }
},
{
    "model": "auth.permission",
    "pk": 26,
    "fields": {
        "name": "Can change cliente",
        "content_type": 7,
        "codename": "change_cliente"
    }
},
{
    "model": "auth.permission",
    "pk": 27,
    "fields": {
        "name": "Can delete cliente",
        "content_type": 7,
        "codename": "delete_cliente"
    }
},
{
    "model": "auth.permission",
    "pk": 28,
    "fields": {
        "name": "Can view cliente",
        "content_type": 7,
        "codename": "view_cliente"
    }
},
{
    "model": "auth.permission",
    "pk": 29,
    "fields": {
        "name": "Can add ejercicio",
        "content_type": 8,
        "codename": "add_ejercicio"
    }
},
{
    "model": "auth.permission",
    "pk": 30,
    "fields": {
        "name": "Can change ejercicio",
        "content_type": 8,
        "codename": "change_ejercicio"
    }
},
{
    "model": "auth.permission",
    "pk": 31,
    "fields": {
        "name": "Can delete ejercicio",
        "content_type": 8,
        "codename": "delete_ejercicio"
    }
},
{
    "model": "auth.permission",
    "pk": 32,
    "fields": {
        "name": "Can view ejercicio",
        "content_type": 8,
        "codename": "view_ejercicio"
    }
},
{
    "model": "auth.permission",
    "pk": 33,
    "fields": {
        "name": "Can add entrenamiento",
        "content_type": 9,
        "codename": "add_entrenamiento"
    }
},
{
    "model": "auth.permission",
    "pk": 34,
    "fields": {
        "name": "Can change entrenamiento",
        "content_type": 9,
        "codename": "change_entrenamiento"
    }
},
{
    "model": "auth.permission",
    "pk": 35,
    "fields": {
        "name": "Can delete entrenamiento",
        "content_type": 9,
        "codename": "delete_entrenamiento"
    }
},
{
    "model": "auth.permission",
    "pk": 36,
    "fields": {
        "name": "Can view entrenamiento",
        "content_type": 9,
        "codename": "view_entrenamiento"
    }
},
{
    "model": "auth.permission",
    "pk": 37,
    "fields": {
        "name": "Can add entrenamiento plan",
        "content_type": 10,
        "codename": "add_entrenamientoplan"
    }
},
{
    "model": "auth.permission",
    "pk": 38,
    "fields": {
        "name": "Can change entrenamiento plan",
        "content_type": 10,
        "codename": "change_entrenamientoplan"
    }
},
{
    "model": "auth.permission",
    "pk": 39,
    "fields": {
        "name": "Can delete entrenamiento plan",
        "content_type": 10,
        "codename": "delete_entrenamientoplan"
    }
},
{
    "model": "auth.permission",
    "pk": 40,
    "fields": {
        "name": "Can view entrenamiento plan",
        "content_type": 10,
        "codename": "view_entrenamientoplan"
    }
},
{
    "model": "auth.permission",
    "pk": 41,
    "fields": {
        "name": "Can add musculo",
        "content_type": 11,
        "codename": "add_musculo"
    }
},
{
    "model": "auth.permission",
    "pk": 42,
    "fields": {
        "name": "Can change musculo",
        "content_type": 11,
        "codename": "change_musculo"
    }
},
{
    "model": "auth.permission",
    "pk": 43,
    "fields": {
        "name": "Can delete musculo",
        "content_type": 11,
        "codename": "delete_musculo"
    }
},
{
    "model": "auth.permission",
    "pk": 44,
    "fields": {
        "name": "Can view musculo",
        "content_type": 11,
        "codename": "view_musculo"
    }
},
{
    "model": "auth.permission",
    "pk": 45,
    "fields": {
        "name": "Can add plan entrenamiento",
        "content_type": 12,
        "codename": "add_planentrenamiento"
    }
},
{
    "model": "auth.permission",
    "pk": 46,
    "fields": {
        "name": "Can change plan entrenamiento",
        "content_type": 12,
        "codename": "change_planentrenamiento"
    }
},
{
    "model": "auth.permission",
    "pk": 47,
    "fields": {
        "name": "Can delete plan entrenamiento",
        "content_type": 12,
        "codename": "delete_planentrenamiento"
    }
},
{
    "model": "auth.permission",
    "pk": 48,
    "fields": {
        "name": "Can view plan entrenamiento",
        "content_type": 12,
        "codename": "view_planentrenamiento"
    }
},
{
    "model": "auth.permission",
    "pk": 49,
    "fields": {
        "name": "Can add rutina diaria",
        "content_type": 13,
        "codename": "add_rutinadiaria"
    }
},
{
    "model": "auth.permission",
    "pk": 50,
    "fields": {
        "name": "Can change rutina diaria",
        "content_type": 13,
        "codename": "change_rutinadiaria"
    }
},
{
    "model": "auth.permission",
    "pk": 51,
    "fields": {
        "name": "Can delete rutina diaria",
        "content_type": 13,
        "codename": "delete_rutinadiaria"
    }
},
{
    "model": "auth.permission",
    "pk": 52,
    "fields": {
        "name": "Can view rutina diaria",
        "content_type": 13,
        "codename": "view_rutinadiaria"
    }
},
{
    "model": "auth.permission",
    "pk": 53,
    "fields": {
        "name": "Can add voto",
        "content_type": 14,
        "codename": "add_voto"
    }
},
{
    "model": "auth.permission",
    "pk": 54,
    "fields": {
        "name": "Can change voto",
        "content_type": 14,
        "codename": "change_voto"
    }
},
{
    "model": "auth.permission",
    "pk": 55,
    "fields": {
        "name": "Can delete voto",
        "content_type": 14,
        "codename": "delete_voto"
    }
},
{
    "model": "auth.permission",
    "pk": 56,
    "fields": {
        "name": "Can view voto",
        "content_type": 14,
        "codename": "view_voto"
    }
},
{
    "model": "auth.permission",
    "pk": 57,
    "fields": {
        "name": "Can add suscripcion",
        "content_type": 15,
        "codename": "add_suscripcion"
    }
},
{
    "model": "auth.permission",
    "pk": 58,
    "fields": {
        "name": "Can change suscripcion",
        "content_type": 15,
        "codename": "change_suscripcion"
    }
},
{
    "model": "auth.permission",
    "pk": 59,
    "fields": {
        "name": "Can delete suscripcion",
        "content_type": 15,
        "codename": "delete_suscripcion"
    }
},
{
    "model": "auth.permission",
    "pk": 60,
    "fields": {
        "name": "Can view suscripcion",
        "content_type": 15,
        "codename": "view_suscripcion"
    }
},
{
    "model": "auth.permission",
    "pk": 61,
    "fields": {
        "name": "Can add seguimiento plan entrenamiento",
        "content_type": 16,
        "codename": "add_seguimientoplanentrenamiento"
    }
},
{
    "model": "auth.permission",
    "pk": 62,
    "fields": {
        "name": "Can change seguimiento plan entrenamiento",
        "content_type": 16,
        "codename": "change_seguimientoplanentrenamiento"
    }
},
{
    "model": "auth.permission",
    "pk": 63,
    "fields": {
        "name": "Can delete seguimiento plan entrenamiento",
        "content_type": 16,
        "codename": "delete_seguimientoplanentrenamiento"
    }
},
{
    "model": "auth.permission",
    "pk": 64,
    "fields": {
        "name": "Can view seguimiento plan entrenamiento",
        "content_type": 16,
        "codename": "view_seguimientoplanentrenamiento"
    }
},
{
    "model": "auth.permission",
    "pk": 65,
    "fields": {
        "name": "Can add rutina ejercicio",
        "content_type": 17,
        "codename": "add_rutinaejercicio"
    }
},
{
    "model": "auth.permission",
    "pk": 66,
    "fields": {
        "name": "Can change rutina ejercicio",
        "content_type": 17,
        "codename": "change_rutinaejercicio"
    }
},
{
    "model": "auth.permission",
    "pk": 67,
    "fields": {
        "name": "Can delete rutina ejercicio",
        "content_type": 17,
        "codename": "delete_rutinaejercicio"
    }
},
{
    "model": "auth.permission",
    "pk": 68,
    "fields": {
        "name": "Can view rutina ejercicio",
        "content_type": 17,
        "codename": "view_rutinaejercicio"
    }
},
{
    "model": "auth.permission",
    "pk": 69,
    "fields": {
        "name": "Can add promocion",
        "content_type": 18,
        "codename": "add_promocion"
    }
},
{
    "model": "auth.permission",
    "pk": 70,
    "fields": {
        "name": "Can change promocion",
        "content_type": 18,
        "codename": "change_promocion"
    }
},
{
    "model": "auth.permission",
    "pk": 71,
    "fields": {
        "name": "Can delete promocion",
        "content_type": 18,
        "codename": "delete_promocion"
    }
},
{
    "model": "auth.permission",
    "pk": 72,
    "fields": {
        "name": "Can view promocion",
        "content_type": 18,
        "codename": "view_promocion"
    }
},
{
    "model": "auth.permission",
    "pk": 73,
    "fields": {
        "name": "Can add perfil_de_ usuario",
        "content_type": 19,
        "codename": "add_perfil_de_usuario"
    }
},
{
    "model": "auth.permission",
    "pk": 74,
    "fields": {
        "name": "Can change perfil_de_ usuario",
        "content_type": 19,
        "codename": "change_perfil_de_usuario"
    }
},
{
    "model": "auth.permission",
    "pk": 75,
    "fields": {
        "name": "Can delete perfil_de_ usuario",
        "content_type": 19,
        "codename": "delete_perfil_de_usuario"
    }
},
{
    "model": "auth.permission",
    "pk": 76,
    "fields": {
        "name": "Can view perfil_de_ usuario",
        "content_type": 19,
        "codename": "view_perfil_de_usuario"
    }
},
{
    "model": "auth.permission",
    "pk": 77,
    "fields": {
        "name": "Can add historial ejercicio",
        "content_type": 20,
        "codename": "add_historialejercicio"
    }
},
{
    "model": "auth.permission",
    "pk": 78,
    "fields": {
        "name": "Can change historial ejercicio",
        "content_type": 20,
        "codename": "change_historialejercicio"
    }
},
{
    "model": "auth.permission",
    "pk": 79,
    "fields": {
        "name": "Can delete historial ejercicio",
        "content_type": 20,
        "codename": "delete_historialejercicio"
    }
},
{
    "model": "auth.permission",
    "pk": 80,
    "fields": {
        "name": "Can view historial ejercicio",
        "content_type": 20,
        "codename": "view_historialejercicio"
    }
},
{
    "model": "auth.permission",
    "pk": 81,
    "fields": {
        "name": "Can add grupo muscular",
        "content_type": 21,
        "codename": "add_grupomuscular"
    }
},
{
    "model": "auth.permission",
    "pk": 82,
    "fields": {
        "name": "Can change grupo muscular",
        "content_type": 21,
        "codename": "change_grupomuscular"
    }
},
{
    "model": "auth.permission",
    "pk": 83,
    "fields": {
        "name": "Can delete grupo muscular",
        "content_type": 21,
        "codename": "delete_grupomuscular"
    }
},
{
    "model": "auth.permission",
    "pk": 84,
    "fields": {
        "name": "Can view grupo muscular",
        "content_type": 21,
        "codename": "view_grupomuscular"
    }
},
{
    "model": "auth.permission",
    "pk": 85,
    "fields": {
        "name": "Can add favoritos",
        "content_type": 22,
        "codename": "add_favoritos"
    }
},
{
    "model": "auth.permission",
    "pk": 86,
    "fields": {
        "name": "Can change favoritos",
        "content_type": 22,
        "codename": "change_favoritos"
    }
},
{
    "model": "auth.permission",
    "pk": 87,
    "fields": {
        "name": "Can delete favoritos",
        "content_type": 22,
        "codename": "delete_favoritos"
    }
},
{
    "model": "auth.permission",
    "pk": 88,
    "fields": {
        "name": "Can view favoritos",
        "content_type": 22,
        "codename": "view_favoritos"
    }
},
{
    "model": "auth.permission",
    "pk": 89,
    "fields": {
        "name": "Can add entrenamiento ejercicio",
        "content_type": 23,
        "codename": "add_entrenamientoejercicio"
    }
},
{
    "model": "auth.permission",
    "pk": 90,
    "fields": {
        "name": "Can change entrenamiento ejercicio",
        "content_type": 23,
        "codename": "change_entrenamientoejercicio"
    }
},
{
    "model": "auth.permission",
    "pk": 91,
    "fields": {
        "name": "Can delete entrenamiento ejercicio",
        "content_type": 23,
        "codename": "delete_entrenamientoejercicio"
    }
},
{
    "model": "auth.permission",
    "pk": 92,
    "fields": {
        "name": "Can view entrenamiento ejercicio",
        "content_type": 23,
        "codename": "view_entrenamientoejercicio"
    }
},
{
    "model": "auth.permission",
    "pk": 93,
    "fields": {
        "name": "Can add entrenador",
        "content_type": 24,
        "codename": "add_entrenador"
    }
},
{
    "model": "auth.permission",
    "pk": 94,
    "fields": {
        "name": "Can change entrenador",
        "content_type": 24,
        "codename": "change_entrenador"
    }
},
{
    "model": "auth.permission",
    "pk": 95,
    "fields": {
        "name": "Can delete entrenador",
        "content_type": 24,
        "codename": "delete_entrenador"
    }
},
{
    "model": "auth.permission",
    "pk": 96,
    "fields": {
        "name": "Can view entrenador",
        "content_type": 24,
        "codename": "view_entrenador"
    }
},
{
    "model": "auth.permission",
    "pk": 97,
    "fields": {
        "name": "Can add comentario",
        "content_type": 25,
        "codename": "add_comentario"
    }
},
{
    "model": "auth.permission",
    "pk": 98,
    "fields": {
        "name": "Can change comentario",
        "content_type": 25,
        "codename": "change_comentario"
    }
},
{
    "model": "auth.permission",
    "pk": 99,
    "fields": {
        "name": "Can delete comentario",
        "content_type": 25,
        "codename": "delete_comentario"
    }
},
{
    "model": "auth.permission",
    "pk": 100,
    "fields": {
        "name": "Can view comentario",
        "content_type": 25,
        "codename": "view_comentario"
    }
},
{
    "model": "auth.permission",
    "pk": 101,
    "fields": {
        "name": "Can add categoria ejercicio",
        "content_type": 26,
        "codename": "add_categoriaejercicio"
    }
},
{
    "model": "auth.permission",
    "pk": 102,
    "fields": {
        "name": "Can change categoria ejercicio",
        "content_type": 26,
        "codename": "change_categoriaejercicio"
    }
},
{
    "model": "auth.permission",
    "pk": 103,
    "fields": {
        "name": "Can delete categoria ejercicio",
        "content_type": 26,
        "codename": "delete_categoriaejercicio"
    }
},
{
    "model": "auth.permission",
    "pk": 104,
    "fields": {
        "name": "Can view categoria ejercicio",
        "content_type": 26,
        "codename": "view_categoriaejercicio"
    }
},
{
    "model": "auth.permission",
    "pk": 105,
    "fields": {
        "name": "Can add application",
        "content_type": 27,
        "codename": "add_application"
    }
},
{
    "model": "auth.permission",
    "pk": 106,
    "fields": {
        "name": "Can change application",
        "content_type": 27,
        "codename": "change_application"
    }
},
{
    "model": "auth.permission",
    "pk": 107,
    "fields": {
        "name": "Can delete application",
        "content_type": 27,
        "codename": "delete_application"
    }
},
{
    "model": "auth.permission",
    "pk": 108,
    "fields": {
        "name": "Can view application",
        "content_type": 27,
        "codename": "view_application"
    }
},
{
    "model": "auth.permission",
    "pk": 109,
    "fields": {
        "name": "Can add access token",
        "content_type": 28,
        "codename": "add_accesstoken"
    }
},
{
    "model": "auth.permission",
    "pk": 110,
    "fields": {
        "name": "Can change access token",
        "content_type": 28,
        "codename": "change_accesstoken"
    }
},
{
    "model": "auth.permission",
    "pk": 111,
    "fields": {
        "name": "Can delete access token",
        "content_type": 28,
        "codename": "delete_accesstoken"
    }
},
{
    "model": "auth.permission",
    "pk": 112,
    "fields": {
        "name": "Can view access token",
        "content_type": 28,
        "codename": "view_accesstoken"
    }
},
{
    "model": "auth.permission",
    "pk": 113,
    "fields": {
        "name": "Can add grant",
        "content_type": 29,
        "codename": "add_grant"
    }
},
{
    "model": "auth.permission",
    "pk": 114,
    "fields": {
        "name": "Can change grant",
        "content_type": 29,
        "codename": "change_grant"
    }
},
{
    "model": "auth.permission",
    "pk": 115,
    "fields": {
        "name": "Can delete grant",
        "content_type": 29,
        "codename": "delete_grant"
    }
},
{
    "model": "auth.permission",
    "pk": 116,
    "fields": {
        "name": "Can view grant",
        "content_type": 29,
        "codename": "view_grant"
    }
},
{
    "model": "auth.permission",
    "pk": 117,
    "fields": {
        "name": "Can add refresh token",
        "content_type": 30,
        "codename": "add_refreshtoken"
    }
},
{
    "model": "auth.permission",
    "pk": 118,
    "fields": {
        "name": "Can change refresh token",
        "content_type": 30,
        "codename": "change_refreshtoken"
    }
},
{
    "model": "auth.permission",
    "pk": 119,
    "fields": {
        "name": "Can delete refresh token",
        "content_type": 30,
        "codename": "delete_refreshtoken"
    }
},
{
    "model": "auth.permission",
    "pk": 120,
    "fields": {
        "name": "Can view refresh token",
        "content_type": 30,
        "codename": "view_refreshtoken"
    }
},
{
    "model": "auth.permission",
    "pk": 121,
    "fields": {
        "name": "Can add id token",
        "content_type": 31,
        "codename": "add_idtoken"
    }
},
{
    "model": "auth.permission",
    "pk": 122,
    "fields": {
        "name": "Can change id token",
        "content_type": 31,
        "codename": "change_idtoken"
    }
},
{
    "model": "auth.permission",
    "pk": 123,
    "fields": {
        "name": "Can delete id token",
        "content_type": 31,
        "codename": "delete_idtoken"
    }
},
{
    "model": "auth.permission",
    "pk": 124,
    "fields": {
        "name": "Can view id token",
        "content_type": 31,
        "codename": "view_idtoken"
    }
},
{
    "model": "auth.group",
    "pk": 1,
    "fields": {
        "name": "Clientes",
        "permissions": [
            97,
            98,
            99,
            100,
            32,
            96,
            85,
            86,
            87,
            88,
            84,
            77,
            78,
            80,
            73,
            75,
            76
        ]
    }
},
{
    "model": "auth.group",
    "pk": 2,
    "fields": {
        "name": "Entrenadores",
        "permissions": [
            101,
            102,
            103,
            104,
            97,
            98,
            29,
            30,
            31,
            32,
            33,
            34,
            35,
            36,
            89,
            90,
            91,
            92,
            37,
            38
        ]
    }
},
{
    "model": "contenttypes.contenttype",
    "pk": 1,
    "fields": {
        "app_label": "admin",
        "model": "logentry"
    }
},
{
    "model": "contenttypes.contenttype",
    "pk": 2,
    "fields": {
        "app_label": "auth",
        "model": "permission"
    }
},
{
    "model": "contenttypes.contenttype",
    "pk": 3,
    "fields": {
        "app_label": "auth",
        "model": "group"
    }
},
{
    "model": "contenttypes.contenttype",
    "pk": 4,
    "fields": {
        "app_label": "contenttypes",
        "model": "contenttype"
    }
},
{
    "model": "contenttypes.contenttype",
    "pk": 5,
    "fields": {
        "app_label": "sessions",
        "model": "session"
    }
},
{
    "model": "contenttypes.contenttype",
    "pk": 6,
    "fields": {
        "app_label": "fitness",
        "model": "usuario"
    }
},
{
    "model": "contenttypes.contenttype",
    "pk": 7,
    "fields": {
        "app_label": "fitness",
        "model": "cliente"
    }
},
{
    "model": "contenttypes.contenttype",
    "pk": 8,
    "fields": {
        "app_label": "fitness",
        "model": "ejercicio"
    }
},
{
    "model": "contenttypes.contenttype",
    "pk": 9,
    "fields": {
        "app_label": "fitness",
        "model": "entrenamiento"
    }
},
{
    "model": "contenttypes.contenttype",
    "pk": 10,
    "fields": {
        "app_label": "fitness",
        "model": "entrenamientoplan"
    }
},
{
    "model": "contenttypes.contenttype",
    "pk": 11,
    "fields": {
        "app_label": "fitness",
        "model": "musculo"
    }
},
{
    "model": "contenttypes.contenttype",
    "pk": 12,
    "fields": {
        "app_label": "fitness",
        "model": "planentrenamiento"
    }
},
{
    "model": "contenttypes.contenttype",
    "pk": 13,
    "fields": {
        "app_label": "fitness",
        "model": "rutinadiaria"
    }
},
{
    "model": "contenttypes.contenttype",
    "pk": 14,
    "fields": {
        "app_label": "fitness",
        "model": "voto"
    }
},
{
    "model": "contenttypes.contenttype",
    "pk": 15,
    "fields": {
        "app_label": "fitness",
        "model": "suscripcion"
    }
},
{
    "model": "contenttypes.contenttype",
    "pk": 16,
    "fields": {
        "app_label": "fitness",
        "model": "seguimientoplanentrenamiento"
    }
},
{
    "model": "contenttypes.contenttype",
    "pk": 17,
    "fields": {
        "app_label": "fitness",
        "model": "rutinaejercicio"
    }
},
{
    "model": "contenttypes.contenttype",
    "pk": 18,
    "fields": {
        "app_label": "fitness",
        "model": "promocion"
    }
},
{
    "model": "contenttypes.contenttype",
    "pk": 19,
    "fields": {
        "app_label": "fitness",
        "model": "perfil_de_usuario"
    }
},
{
    "model": "contenttypes.contenttype",
    "pk": 20,
    "fields": {
        "app_label": "fitness",
        "model": "historialejercicio"
    }
},
{
    "model": "contenttypes.contenttype",
    "pk": 21,
    "fields": {
        "app_label": "fitness",
        "model": "grupomuscular"
    }
},
{
    "model": "contenttypes.contenttype",
    "pk": 22,
    "fields": {
        "app_label": "fitness",
        "model": "favoritos"
    }
},
{
    "model": "contenttypes.contenttype",
    "pk": 23,
    "fields": {
        "app_label": "fitness",
        "model": "entrenamientoejercicio"
    }
},
{
    "model": "contenttypes.contenttype",
    "pk": 24,
    "fields": {
        "app_label": "fitness",
        "model": "entrenador"
    }
},
{
    "model": "contenttypes.contenttype",
    "pk": 25,
    "fields": {
        "app_label": "fitness",
        "model": "comentario"
    }
},
{
    "model": "contenttypes.contenttype",
    "pk": 26,
    "fields": {
        "app_label": "fitness",
        "model": "categoriaejercicio"
    }
},
{
    "model": "contenttypes.contenttype",
    "pk": 27,
    "fields": {
        "app_label": "oauth2_provider",
        "model": "application"
    }
},
{
    "model": "contenttypes.contenttype",
    "pk": 28,
    "fields": {
        "app_label": "oauth2_provider",
        "model": "accesstoken"
    }
},
{
    "model": "contenttypes.contenttype",
    "pk": 29,
    "fields": {
        "app_label": "oauth2_provider",
        "model": "grant"
    }
},
{
    "model": "contenttypes.contenttype",
    "pk": 30,
    "fields": {
        "app_label": "oauth2_provider",
        "model": "refreshtoken"
    }
},
{
    "model": "contenttypes.contenttype",
    "pk": 31,
    "fields": {
        "app_label": "oauth2_provider",
        "model": "idtoken"
    }
},
{
    "model": "sessions.session",
    "pk": "0fmue0aluts4y52bq553lnxkphtdm386",
    "fields": {
        "session_data": ".eJxVjEEOwiAQRe_C2hChMGVcuu8ZyACDVA0kpV0Z765NutDtf-_9l_C0rcVvnRc_J3ERSpx-t0DxwXUH6U711mRsdV3mIHdFHrTLqSV-Xg_376BQL996RCAMyjhCgphdMNoqGNBYsDri4JxjR5BVHsmcNWgbSA_WEjMmMFG8P8GjNy4:1rjGfd:C0odxV-upOdr4wsZJk7ls3y-uPxVMcfhovwpSiV95Y4",
        "expire_date": "2024-03-24T10:44:45.282Z"
    }
},
{
    "model": "sessions.session",
    "pk": "170qw7gb5ps5pm8flm2j5xta8e9eaod9",
    "fields": {
        "session_data": ".eJxVjEsOwiAUAK9iWBv6eJQ-6NK9ZyD8KqiBpJ-V8e62STduZybzYVMK2dlSSyiNjQxMB7JDwP4izKiQXZl125rttqTZlrgn8p95F16pHiI-XX00Hlpd5-L5kfDTLvzeYnrfzvZvkN2Sj63xKPQkVAIaXK-B0CUZhSTUANErA3KAQSki9KQm0mkHJHpSUYWE7PsDTX8_Aw:1rj1pO:69eiZCi1tRc-PUCUrSkZoG9OQhllciIcf1o4z1ciW6A",
        "expire_date": "2024-03-23T18:53:50.264Z"
    }
},
{
    "model": "sessions.session",
    "pk": "2djho11ok4rbyik794e7tgtaj68jp0m3",
    "fields": {
        "session_data": ".eJxVjEEOwiAQRe_C2hChMGVcuu8ZyACDVA0kpV0Z765NutDtf-_9l_C0rcVvnRc_J3ERSpx-t0DxwXUH6U711mRsdV3mIHdFHrTLqSV-Xg_376BQL996RCAMyjhCgphdMNoqGNBYsDri4JxjR5BVHsmcNWgbSA_WEjMmMFG8P8GjNy4:1rjSSf:tOVKZvxmwzPJx0qywtwb2j1UUf5p9d_TD3IlzJP0fAA",
        "expire_date": "2024-03-24T23:20:09.613Z"
    }
},
{
    "model": "sessions.session",
    "pk": "2vlihm79k4zt98cnhwnut6glmccxhic0",
    "fields": {
        "session_data": ".eJxVjDkOwyAUBa8SUUeY5YPBZfqcAX22QBKB5KWKcvfEkhu3b2beh-QUCrraaqidTISzgclBMAEXDhNYciUOt7W4bUmzq3FXzpvH8EptB_GJ7dFp6G2dq6e7Qg-60HuP6X073NNBwaX869FqtJ6DQYs6ZONBKK6lBaWVCFYaY5JBnXkeEZjQQnkUUilMyUYNgXx_YsJAAw:1rjJYL:E-GzoPBhV2ZE-orJ_WhKNgGpJZAiW1luTqgHhWI3l8E",
        "expire_date": "2024-03-24T13:49:25.500Z"
    }
},
{
    "model": "sessions.session",
    "pk": "5wop97k6b0trmse48zvk9m8f14vb4dwz",
    "fields": {
        "session_data": ".eJxVjEEOwiAQRe_C2hChMGVcuu8ZyACDVA0kpV0Z765NutDtf-_9l_C0rcVvnRc_J3ERSpx-t0DxwXUH6U711mRsdV3mIHdFHrTLqSV-Xg_376BQL996RCAMyjhCgphdMNoqGNBYsDri4JxjR5BVHsmcNWgbSA_WEjMmMFG8P8GjNy4:1rjGeI:kZLUNUTjOzGWnvSsIiK46HxvLz3Ee9HoRl7D4FXlOK0",
        "expire_date": "2024-03-24T10:43:22.326Z"
    }
},
{
    "model": "sessions.session",
    "pk": "aqe2nmnleh7fgnkpg35fj29qe6td62y1",
    "fields": {
        "session_data": ".eJxVjEEOwiAQRe_C2hChMGVcuu8ZyACDVA0kpV0Z765NutDtf-_9l_C0rcVvnRc_J3ERSpx-t0DxwXUH6U711mRsdV3mIHdFHrTLqSV-Xg_376BQL996RCAMyjhCgphdMNoqGNBYsDri4JxjR5BVHsmcNWgbSA_WEjMmMFG8P8GjNy4:1rjSye:mbovRC58Iol_ftqenkY2vEHhcsa36PcHEGM1bvV_W1M",
        "expire_date": "2024-03-24T23:53:12.518Z"
    }
},
{
    "model": "sessions.session",
    "pk": "b18romwtx5kfc4imwbrxr5avg3ko4ab8",
    "fields": {
        "session_data": "eyJmZWNoYV9pbmljaW8iOiIxMC8wMy8yMDI0IDE5OjUwIn0:1rjOFK:wq8R455jSL-yXFQKBCkrrnhBvdI7id0N-HviZ6LQ5VI",
        "expire_date": "2024-03-24T18:50:06.186Z"
    }
},
{
    "model": "sessions.session",
    "pk": "gk7i1p7c8qc9aq0bwih0qz6ilxc28jjk",
    "fields": {
        "session_data": ".eJxVjEEOwiAQRe_C2hChMGVcuu8ZyACDVA0kpV0Z765NutDtf-_9l_C0rcVvnRc_J3ERSpx-t0DxwXUH6U711mRsdV3mIHdFHrTLqSV-Xg_376BQL996RCAMyjhCgphdMNoqGNBYsDri4JxjR5BVHsmcNWgbSA_WEjMmMFG8P8GjNy4:1rjSwq:7FuPhJTie7nPrYn6NXjoTCQjGilkaq7BNorHxpxchsY",
        "expire_date": "2024-03-24T23:51:20.057Z"
    }
},
{
    "model": "sessions.session",
    "pk": "h9jvmyb75evoos4pxtho7ckkkt9gwl73",
    "fields": {
        "session_data": ".eJxVjEEOwiAQRe_C2hChMGVcuu8ZyACDVA0kpV0Z765NutDtf-_9l_C0rcVvnRc_J3ERSpx-t0DxwXUH6U711mRsdV3mIHdFHrTLqSV-Xg_376BQL996RCAMyjhCgphdMNoqGNBYsDri4JxjR5BVHsmcNWgbSA_WEjMmMFG8P8GjNy4:1rjfzX:1XRuueU4YYbS40C3A4209TH6Z6t_WlQ02whAKcaxo7s",
        "expire_date": "2024-03-25T13:46:59.002Z"
    }
},
{
    "model": "sessions.session",
    "pk": "jkmmintsihla4ff8p1qtq6eje79955f9",
    "fields": {
        "session_data": ".eJxVjkkOAiEURK9iWBsaPoPQS_eegXwmQQ0kPayMd7c76YVu61W91Js4XJfi1jlNrkYyEk7Ov5nH8ExtB_GB7d5p6G2Zqqd7hR50prce0-t6dP8EBeeyrS9Wo_VcGrSoQzZeguJaWKm0gmCFMSYZ1JnnC0oGGpRHEEphSjZqGTZpTqGgq62G2vejbGBiAAbyxNgIlny-vho__A:1rj67y:R1HdTJRJCMy69Sr6xYxA1kFYBWUE0YUq6kA0ejGIcvc",
        "expire_date": "2024-03-23T23:29:18.625Z"
    }
},
{
    "model": "sessions.session",
    "pk": "kt2yqqodagehu10lue9bwreznvczob8o",
    "fields": {
        "session_data": "eyJmZWNoYV9pbmljaW8iOiIxMC8wMy8yMDI0IDExOjMyIn0:1rjGUF:hmt-UIbKN-JEgzG5qzMw8chVIjHdGv9yXURgRmzqp3s",
        "expire_date": "2024-03-24T10:32:59.608Z"
    }
},
{
    "model": "sessions.session",
    "pk": "mx0gu8rtjdj1zxc54xta40k0o0iimqm7",
    "fields": {
        "session_data": ".eJxVjEEOwiAQRe_C2hChMGVcuu8ZyACDVA0kpV0Z765NutDtf-_9l_C0rcVvnRc_J3ERSpx-t0DxwXUH6U711mRsdV3mIHdFHrTLqSV-Xg_376BQL996RCAMyjhCgphdMNoqGNBYsDri4JxjR5BVHsmcNWgbSA_WEjMmMFG8P8GjNy4:1rjii8:eXf-y3_o1-HZuJw1LEHzZJfKKGeW1Mg2WFL7J5eTvlU",
        "expire_date": "2024-03-25T16:41:12.660Z"
    }
},
{
    "model": "sessions.session",
    "pk": "o2456c87og0fwcxy28d63r206dqyne4d",
    "fields": {
        "session_data": ".eJxVjEEOwiAQRe_C2hChMGVcuu8ZyACDVA0kpV0Z765NutDtf-_9l_C0rcVvnRc_J3ERSpx-t0DxwXUH6U711mRsdV3mIHdFHrTLqSV-Xg_376BQL996RCAMyjhCgphdMNoqGNBYsDri4JxjR5BVHsmcNWgbSA_WEjMmMFG8P8GjNy4:1rjGVE:lwp_Jq-hiWb4-ql9MxQvBptPmMFTEUWary9FSfgQLAo",
        "expire_date": "2024-03-24T10:34:00.096Z"
    }
},
{
    "model": "sessions.session",
    "pk": "ptyea64woa4nun1hzdk11rdzvhu7yhkl",
    "fields": {
        "session_data": "eyJmZWNoYV9pbmljaW8iOiIxMS8wMy8yMDI0IDAyOjMxIn0:1rjUVi:wmo7cnaP7NZxlpCSVNcI5nMGtJ-ewKpg7-R7nQPw8zA",
        "expire_date": "2024-03-25T01:31:26.998Z"
    }
},
{
    "model": "sessions.session",
    "pk": "rdkjkpvqhpm61pjxq3medx2417qr5b7m",
    "fields": {
        "session_data": ".eJxVjEEOwiAQRe_C2hChMGVcuu8ZyACDVA0kpV0Z765NutDtf-_9l_C0rcVvnRc_J3ERSpx-t0DxwXUH6U711mRsdV3mIHdFHrTLqSV-Xg_376BQL996RCAMyjhCgphdMNoqGNBYsDri4JxjR5BVHsmcNWgbSA_WEjMmMFG8P8GjNy4:1rj8Tp:u2sbp6LtCAcKxEXj6VkngbUfiXyMEM7eRSRGHccXEuY",
        "expire_date": "2024-03-24T02:00:01.434Z"
    }
},
{
    "model": "sessions.session",
    "pk": "tbigqyaozpra7pyj6x681l1d3e77nint",
    "fields": {
        "session_data": ".eJxVjEEOwiAQRe_C2hChMGVcuu8ZyACDVA0kpV0Z765NutDtf-_9l_C0rcVvnRc_J3ERSpx-t0DxwXUH6U711mRsdV3mIHdFHrTLqSV-Xg_376BQL996RCAMyjhCgphdMNoqGNBYsDri4JxjR5BVHsmcNWgbSA_WEjMmMFG8P8GjNy4:1rjHmT:5bzai9MRQPC1dI4uWInHPkBNQGEmALKJFYccNeIXiH0",
        "expire_date": "2024-03-24T11:55:53.665Z"
    }
},
{
    "model": "sessions.session",
    "pk": "u4tcbnucowuzfbofbo7rsho2kvjj33tt",
    "fields": {
        "session_data": ".eJxVjEEOwiAQRe_C2hChMGVcuu8ZyACDVA0kpV0Z765NutDtf-_9l_C0rcVvnRc_J3ERSpx-t0DxwXUH6U711mRsdV3mIHdFHrTLqSV-Xg_376BQL996RCAMyjhCgphdMNoqGNBYsDri4JxjR5BVHsmcNWgbSA_WEjMmMFG8P8GjNy4:1rj1h8:J49PqhUzECtVvfOdh4msW47ccqX-WYN-piuywWZXDcY",
        "expire_date": "2024-03-23T18:45:18.950Z"
    }
},
{
    "model": "sessions.session",
    "pk": "v9b4mhj8pdn6nk7l4o3zm1wpc97usyrp",
    "fields": {
        "session_data": ".eJxVjEEOwiAQRe_C2hChMGVcuu8ZyACDVA0kpV0Z765NutDtf-_9l_C0rcVvnRc_J3ERSpx-t0DxwXUH6U711mRsdV3mIHdFHrTLqSV-Xg_376BQL996RCAMyjhCgphdMNoqGNBYsDri4JxjR5BVHsmcNWgbSA_WEjMmMFG8P8GjNy4:1rjTlA:DL0LM1OOZaR33v3V1USbei_YZG3Df0R9YjPkPdv3Kfs",
        "expire_date": "2024-03-25T00:43:20.753Z"
    }
},
{
    "model": "sessions.session",
    "pk": "vtoi3s7oenp0fsgai3lnu72kftih5tbs",
    "fields": {
        "session_data": ".eJxVjEEOwiAQRe_C2hChMGVcuu8ZyACDVA0kpV0Z765NutDtf-_9l_C0rcVvnRc_J3ERSpx-t0DxwXUH6U711mRsdV3mIHdFHrTLqSV-Xg_376BQL996RCAMyjhCgphdMNoqGNBYsDri4JxjR5BVHsmcNWgbSA_WEjMmMFG8P8GjNy4:1rj41l:HKpgk8T7F0P9bXW-zhluXQiEbUB_Q1J8pMFB0RkkWBM",
        "expire_date": "2024-03-23T21:14:45.797Z"
    }
},
{
    "model": "sessions.session",
    "pk": "w43up2pv2jnixwk36vbkrb1garyumz99",
    "fields": {
        "session_data": ".eJxVjEEOwiAQRe_C2hChMGVcuu8ZyACDVA0kpV0Z765NutDtf-_9l_C0rcVvnRc_J3ERSpx-t0DxwXUH6U711mRsdV3mIHdFHrTLqSV-Xg_376BQL996RCAMyjhCgphdMNoqGNBYsDri4JxjR5BVHsmcNWgbSA_WEjMmMFG8P8GjNy4:1rjdRs:ncVjDb1SQvi63qcv_nHXONmvgDYkXMaj7JipguqmKMw",
        "expire_date": "2024-03-25T11:04:04.492Z"
    }
},
{
    "model": "sessions.session",
    "pk": "x7hmh6f5dowk6ec0hrny1bk42fa9q3mu",
    "fields": {
        "session_data": ".eJxVjEEOwiAQRe_C2hChMGVcuu8ZyACDVA0kpV0Z765NutDtf-_9l_C0rcVvnRc_J3ERSpx-t0DxwXUH6U711mRsdV3mIHdFHrTLqSV-Xg_376BQL996RCAMyjhCgphdMNoqGNBYsDri4JxjR5BVHsmcNWgbSA_WEjMmMFG8P8GjNy4:1rjknl:MuJLjroDiXSFIu9CoMP1DEgE8Yv4OmfBnX8hAcVnc8M",
        "expire_date": "2024-03-25T18:55:09.838Z"
    }
},
{
    "model": "sessions.session",
    "pk": "xbxjzljuu7h1n8m23njpubwemynph0kk",
    "fields": {
        "session_data": "eyJmZWNoYV9pbmljaW8iOiIxMS8wMy8yMDI0IDExOjEzIn0:1rjcfH:yhfOkctRK3A7Wyl3tFxE3oC5ykGWfznZWIJ-fZkCvJI",
        "expire_date": "2024-03-25T10:13:51.829Z"
    }
},
{
    "model": "sessions.session",
    "pk": "zkurcoo5iplunril9yy3zowpmaxr426u",
    "fields": {
        "session_data": ".eJxVjEEOwiAQRe_C2hChMGVcuu8ZyACDVA0kpV0Z765NutDtf-_9l_C0rcVvnRc_J3ERSpx-t0DxwXUH6U711mRsdV3mIHdFHrTLqSV-Xg_376BQL996RCAMyjhCgphdMNoqGNBYsDri4JxjR5BVHsmcNWgbSA_WEjMmMFG8P8GjNy4:1rjdql:ItSPm4Sx6NYfwdaTF-3Vv3GH6LSLAnAUGO28WKa5hlY",
        "expire_date": "2024-03-25T11:29:47.540Z"
    }
},
{
    "model": "fitness.usuario",
    "pk": 1,
    "fields": {
        "password": "pbkdf2_sha256$600000$L2kVpMM5K36bBkfwfQsvo5$Ib7LPObXWCidrrHnZKTo4Kc2+y2g17ti5P3+XnEqzTU=",
        "last_login": "2024-03-11T18:55:09.831Z",
        "is_superuser": true,
        "username": "admin",
        "first_name": "",
        "last_name": "",
        "email": "admin@gmail.es",
        "is_staff": true,
        "is_active": true,
        "date_joined": "2024-03-09T18:45:08.595Z",
        "rol": 1,
        "groups": [],
        "user_permissions": []
    }
},
{
    "model": "fitness.usuario",
    "pk": 2,
    "fields": {
        "password": "pbkdf2_sha256$600000$J7LHK2zQd4HquEjTacecd1$Qw69Z93GiIei3PPOAl/vfhKgSTDjPMwzGAM9LKia0Es=",
        "last_login": null,
        "is_superuser": false,
        "username": "Angela",
        "first_name": "",
        "last_name": "",
        "email": "angela@gmail.es",
        "is_staff": false,
        "is_active": true,
        "date_joined": "2024-03-09T18:52:01.036Z",
        "rol": 2,
        "groups": [],
        "user_permissions": []
    }
},
{
    "model": "fitness.usuario",
    "pk": 3,
    "fields": {
        "password": "pbkdf2_sha256$600000$RABuTrzgCKEeMC31kvjbHO$QEgE7UyucUsqv6wrbWPnjPG8em18HlXTMl/ZcU409+M=",
        "last_login": "2024-03-09T18:53:50.261Z",
        "is_superuser": false,
        "username": "Jesus",
        "first_name": "",
        "last_name": "",
        "email": "jesus@gmail.es",
        "is_staff": false,
        "is_active": true,
        "date_joined": "2024-03-09T18:53:49.848Z",
        "rol": 2,
        "groups": [
            1
        ],
        "user_permissions": []
    }
},
{
    "model": "fitness.usuario",
    "pk": 4,
    "fields": {
        "password": "Good mission themselves coach not best. Save instead night role guess staff.\nOthers about simply air keep executive color sell.",
        "last_login": "1987-03-01T07:23:10Z",
        "is_superuser": false,
        "username": "donna31",
        "first_name": "Tammy",
        "last_name": "Charles",
        "email": "wardbrian@example.net",
        "is_staff": false,
        "is_active": true,
        "date_joined": "2024-03-09T19:11:49.147Z",
        "rol": 1,
        "groups": [],
        "user_permissions": []
    }
},
{
    "model": "fitness.usuario",
    "pk": 5,
    "fields": {
        "password": "Hear something hit new. Mrs most purpose improve phone. Yourself pretty record leader dark.\nMaterial sell attack finish.",
        "last_login": "1988-10-16T12:00:37Z",
        "is_superuser": false,
        "username": "robertlong",
        "first_name": "Sean",
        "last_name": "Anderson",
        "email": "justin48@example.org",
        "is_staff": true,
        "is_active": true,
        "date_joined": "2024-03-09T19:11:49.147Z",
        "rol": 1,
        "groups": [],
        "user_permissions": []
    }
},
{
    "model": "fitness.usuario",
    "pk": 6,
    "fields": {
        "password": "Despite rich animal open old final.\nAnd after life blue run store it. Become station difference itself range news.",
        "last_login": "2006-05-24T08:15:47Z",
        "is_superuser": false,
        "username": "peterknapp",
        "first_name": "Sandra",
        "last_name": "Smith",
        "email": "jamesdevon@example.com",
        "is_staff": false,
        "is_active": true,
        "date_joined": "2024-03-09T19:11:49.147Z",
        "rol": 1,
        "groups": [],
        "user_permissions": []
    }
},
{
    "model": "fitness.usuario",
    "pk": 7,
    "fields": {
        "password": "Consumer model blood save already. Perform matter scientist growth perhaps. Tv dark fast able year trouble not.",
        "last_login": "2011-03-16T22:35:22Z",
        "is_superuser": false,
        "username": "apage",
        "first_name": "Donna",
        "last_name": "Garrett",
        "email": "anthonyadams@example.net",
        "is_staff": true,
        "is_active": true,
        "date_joined": "2024-03-09T19:11:49.147Z",
        "rol": 1,
        "groups": [],
        "user_permissions": []
    }
},
{
    "model": "fitness.usuario",
    "pk": 8,
    "fields": {
        "password": "Those join thing industry physical. Cultural simply interesting scientist in down.",
        "last_login": "1993-03-10T03:04:54Z",
        "is_superuser": false,
        "username": "jamesanthony",
        "first_name": "George",
        "last_name": "Robinson",
        "email": "qwinters@example.net",
        "is_staff": false,
        "is_active": true,
        "date_joined": "2024-03-09T19:11:49.147Z",
        "rol": 1,
        "groups": [],
        "user_permissions": []
    }
},
{
    "model": "fitness.usuario",
    "pk": 9,
    "fields": {
        "password": "Benefit expect letter. Yeah along state left.\nWay really bag car. And reach will visit. Respond single speak memory.",
        "last_login": "1975-05-19T16:20:58Z",
        "is_superuser": false,
        "username": "brittany18",
        "first_name": "Joshua",
        "last_name": "Robinson",
        "email": "jacquelinehernandez@example.com",
        "is_staff": true,
        "is_active": true,
        "date_joined": "2024-03-09T19:11:49.147Z",
        "rol": 1,
        "groups": [],
        "user_permissions": []
    }
},
{
    "model": "fitness.usuario",
    "pk": 10,
    "fields": {
        "password": "Challenge pattern hope style wrong trouble ball. Method yeah surface above. Measure say treat itself treatment program.",
        "last_login": "1973-02-03T16:01:21Z",
        "is_superuser": false,
        "username": "sarah73",
        "first_name": "Heather",
        "last_name": "Williams",
        "email": "kenneth91@example.com",
        "is_staff": true,
        "is_active": true,
        "date_joined": "2024-03-09T19:11:49.147Z",
        "rol": 1,
        "groups": [],
        "user_permissions": []
    }
},
{
    "model": "fitness.usuario",
    "pk": 11,
    "fields": {
        "password": "Cell charge create shoulder study current top television.",
        "last_login": "2012-04-03T12:37:28Z",
        "is_superuser": false,
        "username": "hoffmanhenry",
        "first_name": "Ronnie",
        "last_name": "Phillips",
        "email": "mbrewer@example.com",
        "is_staff": true,
        "is_active": true,
        "date_joined": "2024-03-09T19:11:49.147Z",
        "rol": 1,
        "groups": [],
        "user_permissions": []
    }
},
{
    "model": "fitness.usuario",
    "pk": 12,
    "fields": {
        "password": "Hold investment hotel recent. Between want join statement however.",
        "last_login": "1974-02-07T20:55:14Z",
        "is_superuser": false,
        "username": "alexanderjody",
        "first_name": "Wanda",
        "last_name": "Malone",
        "email": "ashley34@example.com",
        "is_staff": false,
        "is_active": true,
        "date_joined": "2024-03-09T19:11:49.147Z",
        "rol": 1,
        "groups": [],
        "user_permissions": []
    }
},
{
    "model": "fitness.usuario",
    "pk": 13,
    "fields": {
        "password": "Hour art have treat rise some. Southern mouth however action past beyond. Future take Democrat real kitchen.",
        "last_login": "2018-04-05T13:51:18Z",
        "is_superuser": false,
        "username": "ktucker",
        "first_name": "Matthew",
        "last_name": "Harding",
        "email": "martinamanda@example.org",
        "is_staff": false,
        "is_active": true,
        "date_joined": "2024-03-09T19:11:49.147Z",
        "rol": 1,
        "groups": [],
        "user_permissions": []
    }
},
{
    "model": "fitness.usuario",
    "pk": 14,
    "fields": {
        "password": "Just southern remember. Marriage fight according study political son.",
        "last_login": "2005-04-23T05:08:01Z",
        "is_superuser": false,
        "username": "daniel21",
        "first_name": "Michael",
        "last_name": "Sanchez",
        "email": "larsonjose@example.org",
        "is_staff": true,
        "is_active": true,
        "date_joined": "2024-03-09T19:11:49.147Z",
        "rol": 1,
        "groups": [],
        "user_permissions": []
    }
},
{
    "model": "fitness.usuario",
    "pk": 15,
    "fields": {
        "password": "Your recognize car whom trouble. Today common medical left notice something attorney check.",
        "last_login": "2021-01-05T21:39:57Z",
        "is_superuser": true,
        "username": "hawkinscarolyn",
        "first_name": "Mark",
        "last_name": "Burton",
        "email": "royrowe@example.com",
        "is_staff": false,
        "is_active": true,
        "date_joined": "2024-03-09T19:11:49.147Z",
        "rol": 1,
        "groups": [],
        "user_permissions": []
    }
},
{
    "model": "fitness.usuario",
    "pk": 16,
    "fields": {
        "password": "Third mention manage far effort also. Reveal pull growth return free especially Congress.",
        "last_login": "2021-09-04T00:44:03Z",
        "is_superuser": false,
        "username": "zpeters",
        "first_name": "Elizabeth",
        "last_name": "Rangel",
        "email": "mcgeeomar@example.net",
        "is_staff": true,
        "is_active": true,
        "date_joined": "2024-03-09T19:11:49.147Z",
        "rol": 1,
        "groups": [],
        "user_permissions": []
    }
},
{
    "model": "fitness.usuario",
    "pk": 17,
    "fields": {
        "password": "Father avoid series quite win kitchen. Ability situation inside parent.\nUsually like professor enough near try.",
        "last_login": "2009-07-14T06:59:56Z",
        "is_superuser": true,
        "username": "george93",
        "first_name": "Kimberly",
        "last_name": "Kelley",
        "email": "brettrusso@example.net",
        "is_staff": true,
        "is_active": true,
        "date_joined": "2024-03-09T19:11:49.147Z",
        "rol": 1,
        "groups": [],
        "user_permissions": []
    }
},
{
    "model": "fitness.usuario",
    "pk": 18,
    "fields": {
        "password": "Live direction side seat. At near impact same.\nSingle entire free kitchen.",
        "last_login": "1997-09-19T11:36:59Z",
        "is_superuser": false,
        "username": "mnguyen",
        "first_name": "Anthony",
        "last_name": "Martin",
        "email": "craig45@example.org",
        "is_staff": false,
        "is_active": true,
        "date_joined": "2024-03-09T19:11:49.147Z",
        "rol": 1,
        "groups": [],
        "user_permissions": []
    }
},
{
    "model": "fitness.usuario",
    "pk": 19,
    "fields": {
        "password": "pbkdf2_sha256$600000$wyzRoLiCVa7ZmD27aEszY6$5Rjd+Dg3mXPhjl8tVBt8J/DOWkoa+Tq+3HkcqT4qp78=",
        "last_login": null,
        "is_superuser": false,
        "username": "Gabriela",
        "first_name": "Gabriela",
        "last_name": "Pinzón Ochoa",
        "email": "gabriela@gmail.es",
        "is_staff": false,
        "is_active": true,
        "date_joined": "2024-03-09T19:28:33Z",
        "rol": 2,
        "groups": [],
        "user_permissions": []
    }
},
{
    "model": "fitness.usuario",
    "pk": 20,
    "fields": {
        "password": "pbkdf2_sha256$600000$ctmm63gF5b8FUMpD7YOEl0$B2K2grckekEq69+anByOEfGd1PE0E11Pigt+QNI+M6o=",
        "last_login": null,
        "is_superuser": false,
        "username": "pepe",
        "first_name": "",
        "last_name": "",
        "email": "pepe@gmail.es",
        "is_staff": false,
        "is_active": true,
        "date_joined": "2024-03-09T21:35:15.916Z",
        "rol": 2,
        "groups": [],
        "user_permissions": []
    }
},
{
    "model": "fitness.usuario",
    "pk": 21,
    "fields": {
        "password": "pbkdf2_sha256$600000$tXy0wn5ghlObJYPDP6X0NE$ETBYDGVXXgUY6wB4jJmzWJwgqgCiHHCWCrSRRoZmG6c=",
        "last_login": null,
        "is_superuser": false,
        "username": "juanito",
        "first_name": "",
        "last_name": "",
        "email": "juanito@gmail.es",
        "is_staff": false,
        "is_active": true,
        "date_joined": "2024-03-11T11:28:11.222Z",
        "rol": 2,
        "groups": [],
        "user_permissions": []
    }
},
{
    "model": "fitness.usuario",
    "pk": 22,
    "fields": {
        "password": "pbkdf2_sha256$600000$nYyVcTfl2nPY1WEy0LsuU8$75RE9bT+OYiPKPzKL/wqujIvPVQNMoVEabCS8vDJTNA=",
        "last_login": null,
        "is_superuser": false,
        "username": "fede",
        "first_name": "",
        "last_name": "",
        "email": "fede@gmail.es",
        "is_staff": false,
        "is_active": true,
        "date_joined": "2024-03-11T15:35:49.852Z",
        "rol": 2,
        "groups": [],
        "user_permissions": []
    }
},
{
    "model": "fitness.usuario",
    "pk": 23,
    "fields": {
        "password": "pbkdf2_sha256$600000$dww81VipJcnku6VnvqxHiv$gphRsSDRKc5W0R61daYeQECs8tIqv42zPsHnqa9DHbg=",
        "last_login": null,
        "is_superuser": false,
        "username": "federico",
        "first_name": "",
        "last_name": "",
        "email": "fede@gmail.es",
        "is_staff": false,
        "is_active": true,
        "date_joined": "2024-03-11T15:36:26.533Z",
        "rol": 2,
        "groups": [],
        "user_permissions": []
    }
},
{
    "model": "fitness.usuario",
    "pk": 24,
    "fields": {
        "password": "pbkdf2_sha256$600000$9BiKzsa5CcoGSIt44aGrym$N4/YOpnOP2Lo/LZJXqXft8VNFDTcuhVJk9nHV4erElQ=",
        "last_login": null,
        "is_superuser": false,
        "username": "kika",
        "first_name": "",
        "last_name": "",
        "email": "kika@gmail.es",
        "is_staff": false,
        "is_active": true,
        "date_joined": "2024-03-11T15:41:16.347Z",
        "rol": 2,
        "groups": [],
        "user_permissions": []
    }
},
{
    "model": "fitness.usuario",
    "pk": 25,
    "fields": {
        "password": "pbkdf2_sha256$600000$FWkNnAQXoAyO0VrkRa1xYx$75dVRE7SJpO4GDx0ttHRl8d58rF0aITFKm/pkLEKODw=",
        "last_login": null,
        "is_superuser": false,
        "username": "paola",
        "first_name": "",
        "last_name": "",
        "email": "paola@gmail.es",
        "is_staff": false,
        "is_active": true,
        "date_joined": "2024-03-11T17:59:00.056Z",
        "rol": 3,
        "groups": [],
        "user_permissions": []
    }
},
{
    "model": "fitness.entrenador",
    "pk": 1,
    "fields": {
        "usuario": 5
    }
},
{
    "model": "fitness.entrenador",
    "pk": 2,
    "fields": {
        "usuario": 14
    }
},
{
    "model": "fitness.entrenador",
    "pk": 3,
    "fields": {
        "usuario": 6
    }
},
{
    "model": "fitness.entrenador",
    "pk": 4,
    "fields": {
        "usuario": 8
    }
},
{
    "model": "fitness.entrenador",
    "pk": 5,
    "fields": {
        "usuario": 12
    }
},
{
    "model": "fitness.entrenador",
    "pk": 6,
    "fields": {
        "usuario": 13
    }
},
{
    "model": "fitness.entrenador",
    "pk": 7,
    "fields": {
        "usuario": 11
    }
},
{
    "model": "fitness.entrenador",
    "pk": 8,
    "fields": {
        "usuario": 18
    }
},
{
    "model": "fitness.entrenador",
    "pk": 9,
    "fields": {
        "usuario": 10
    }
},
{
    "model": "fitness.entrenador",
    "pk": 10,
    "fields": {
        "usuario": 4
    }
},
{
    "model": "fitness.entrenador",
    "pk": 11,
    "fields": {
        "usuario": 16
    }
},
{
    "model": "fitness.entrenador",
    "pk": 12,
    "fields": {
        "usuario": 15
    }
},
{
    "model": "fitness.entrenador",
    "pk": 13,
    "fields": {
        "usuario": 7
    }
},
{
    "model": "fitness.entrenador",
    "pk": 14,
    "fields": {
        "usuario": 17
    }
},
{
    "model": "fitness.entrenador",
    "pk": 15,
    "fields": {
        "usuario": 9
    }
},
{
    "model": "fitness.suscripcion",
    "pk": 1,
    "fields": {
        "banco": "ING",
        "numero_cuenta": "View miss thousand.",
        "titular": 12
    }
},
{
    "model": "fitness.suscripcion",
    "pk": 2,
    "fields": {
        "banco": "ING",
        "numero_cuenta": "Protect way prepare.",
        "titular": 17
    }
},
{
    "model": "fitness.suscripcion",
    "pk": 3,
    "fields": {
        "banco": "ING",
        "numero_cuenta": "Majority assume.",
        "titular": 11
    }
},
{
    "model": "fitness.suscripcion",
    "pk": 4,
    "fields": {
        "banco": "ING",
        "numero_cuenta": "Marriage nor summer.",
        "titular": 8
    }
},
{
    "model": "fitness.suscripcion",
    "pk": 5,
    "fields": {
        "banco": "ING",
        "numero_cuenta": "How Mr take discuss.",
        "titular": 6
    }
},
{
    "model": "fitness.suscripcion",
    "pk": 6,
    "fields": {
        "banco": "ING",
        "numero_cuenta": "Those nice learn of.",
        "titular": 18
    }
},
{
    "model": "fitness.suscripcion",
    "pk": 7,
    "fields": {
        "banco": "ING",
        "numero_cuenta": "Spring so watch.",
        "titular": 16
    }
},
{
    "model": "fitness.suscripcion",
    "pk": 8,
    "fields": {
        "banco": "ING",
        "numero_cuenta": "She candidate deal.",
        "titular": 4
    }
},
{
    "model": "fitness.suscripcion",
    "pk": 9,
    "fields": {
        "banco": "ING",
        "numero_cuenta": "Drive ability.",
        "titular": 9
    }
},
{
    "model": "fitness.suscripcion",
    "pk": 10,
    "fields": {
        "banco": "ING",
        "numero_cuenta": "Agreement catch.",
        "titular": 14
    }
},
{
    "model": "fitness.suscripcion",
    "pk": 11,
    "fields": {
        "banco": "ING",
        "numero_cuenta": "Impact paper.",
        "titular": 15
    }
},
{
    "model": "fitness.suscripcion",
    "pk": 12,
    "fields": {
        "banco": "ING",
        "numero_cuenta": "Particular these.",
        "titular": 7
    }
},
{
    "model": "fitness.suscripcion",
    "pk": 13,
    "fields": {
        "banco": "ING",
        "numero_cuenta": "Soon team exactly.",
        "titular": 10
    }
},
{
    "model": "fitness.suscripcion",
    "pk": 14,
    "fields": {
        "banco": "ING",
        "numero_cuenta": "Glass top whom.",
        "titular": 13
    }
},
{
    "model": "fitness.suscripcion",
    "pk": 15,
    "fields": {
        "banco": "ING",
        "numero_cuenta": "Decide true in cell.",
        "titular": 5
    }
},
{
    "model": "fitness.perfil_de_usuario",
    "pk": 1,
    "fields": {
        "usuario": 6,
        "edad": 31463,
        "altura": 0.9653033842376028,
        "peso": 0.17179317615780865,
        "foto_perfil": "fight.css"
    }
},
{
    "model": "fitness.perfil_de_usuario",
    "pk": 2,
    "fields": {
        "usuario": 10,
        "edad": 13433,
        "altura": 0.6417717942709545,
        "peso": 0.3644719171767795,
        "foto_perfil": "draw.jpg"
    }
},
{
    "model": "fitness.perfil_de_usuario",
    "pk": 3,
    "fields": {
        "usuario": 16,
        "edad": -23351,
        "altura": 0.39894328910256893,
        "peso": 0.863039076328014,
        "foto_perfil": "reach.mp4"
    }
},
{
    "model": "fitness.perfil_de_usuario",
    "pk": 4,
    "fields": {
        "usuario": 15,
        "edad": 2698,
        "altura": 0.5763127543844989,
        "peso": 0.6078390625603919,
        "foto_perfil": "north.mov"
    }
},
{
    "model": "fitness.perfil_de_usuario",
    "pk": 5,
    "fields": {
        "usuario": 9,
        "edad": -11263,
        "altura": 0.6968703045575314,
        "peso": 0.05389794264331593,
        "foto_perfil": "movement.json"
    }
},
{
    "model": "fitness.perfil_de_usuario",
    "pk": 6,
    "fields": {
        "usuario": 8,
        "edad": -2654,
        "altura": 0.25419017741710315,
        "peso": 0.6108794424785324,
        "foto_perfil": "through.tiff"
    }
},
{
    "model": "fitness.perfil_de_usuario",
    "pk": 7,
    "fields": {
        "usuario": 14,
        "edad": 15937,
        "altura": 0.807880608841685,
        "peso": 0.29352125443179544,
        "foto_perfil": "stuff.jpg"
    }
},
{
    "model": "fitness.perfil_de_usuario",
    "pk": 8,
    "fields": {
        "usuario": 4,
        "edad": 19187,
        "altura": 0.45060338934057564,
        "peso": 0.8214700406879153,
        "foto_perfil": "arrive.mov"
    }
},
{
    "model": "fitness.perfil_de_usuario",
    "pk": 9,
    "fields": {
        "usuario": 11,
        "edad": -14944,
        "altura": 0.9751282747242431,
        "peso": 0.7581070692539207,
        "foto_perfil": "standard.css"
    }
},
{
    "model": "fitness.perfil_de_usuario",
    "pk": 10,
    "fields": {
        "usuario": 7,
        "edad": -20062,
        "altura": 0.4734914048879021,
        "peso": 0.3837401370342254,
        "foto_perfil": "let.css"
    }
},
{
    "model": "fitness.perfil_de_usuario",
    "pk": 11,
    "fields": {
        "usuario": 5,
        "edad": -27082,
        "altura": 0.2155461234418019,
        "peso": 0.22824151424845085,
        "foto_perfil": "future.bmp"
    }
},
{
    "model": "fitness.perfil_de_usuario",
    "pk": 12,
    "fields": {
        "usuario": 13,
        "edad": -3587,
        "altura": 0.05983562185403257,
        "peso": 0.4545807692706175,
        "foto_perfil": "usually.flac"
    }
},
{
    "model": "fitness.perfil_de_usuario",
    "pk": 13,
    "fields": {
        "usuario": 17,
        "edad": 6206,
        "altura": 0.705698973655597,
        "peso": 0.8520315851700414,
        "foto_perfil": "agent.mov"
    }
},
{
    "model": "fitness.perfil_de_usuario",
    "pk": 14,
    "fields": {
        "usuario": 12,
        "edad": -16564,
        "altura": 0.955358823326237,
        "peso": 0.23736131380765801,
        "foto_perfil": "number.tiff"
    }
},
{
    "model": "fitness.perfil_de_usuario",
    "pk": 15,
    "fields": {
        "usuario": 2,
        "edad": 53,
        "altura": 160.0,
        "peso": 66.0,
        "foto_perfil": "black.webm"
    }
},
{
    "model": "fitness.perfil_de_usuario",
    "pk": 16,
    "fields": {
        "usuario": 19,
        "edad": 30,
        "altura": 166.0,
        "peso": 48.0,
        "foto_perfil": "imagenes/semana-santa-2357821_1280.jpg"
    }
},
{
    "model": "fitness.perfil_de_usuario",
    "pk": 17,
    "fields": {
        "usuario": 21,
        "edad": 25,
        "altura": 185.0,
        "peso": 84.0,
        "foto_perfil": "imagenes/semana-santa-2357821_1280_h7EmJ1D.jpg"
    }
},
{
    "model": "fitness.musculo",
    "pk": 1,
    "fields": {
        "nombre": "Pectoral"
    }
},
{
    "model": "fitness.musculo",
    "pk": 2,
    "fields": {
        "nombre": "Abductores"
    }
},
{
    "model": "fitness.musculo",
    "pk": 3,
    "fields": {
        "nombre": "Romboides"
    }
},
{
    "model": "fitness.musculo",
    "pk": 4,
    "fields": {
        "nombre": "Deltoides"
    }
},
{
    "model": "fitness.musculo",
    "pk": 5,
    "fields": {
        "nombre": "Trapecio"
    }
},
{
    "model": "fitness.musculo",
    "pk": 6,
    "fields": {
        "nombre": "Sóleo"
    }
},
{
    "model": "fitness.musculo",
    "pk": 7,
    "fields": {
        "nombre": "Isquiotibiales"
    }
},
{
    "model": "fitness.musculo",
    "pk": 8,
    "fields": {
        "nombre": "Hombro"
    }
},
{
    "model": "fitness.musculo",
    "pk": 9,
    "fields": {
        "nombre": "Gemelos"
    }
},
{
    "model": "fitness.musculo",
    "pk": 10,
    "fields": {
        "nombre": "Cuadríceps"
    }
},
{
    "model": "fitness.musculo",
    "pk": 11,
    "fields": {
        "nombre": "Abdominales"
    }
},
{
    "model": "fitness.musculo",
    "pk": 12,
    "fields": {
        "nombre": "Tríceps"
    }
},
{
    "model": "fitness.musculo",
    "pk": 13,
    "fields": {
        "nombre": "Dorsal"
    }
},
{
    "model": "fitness.musculo",
    "pk": 14,
    "fields": {
        "nombre": "Glúteos"
    }
},
{
    "model": "fitness.musculo",
    "pk": 15,
    "fields": {
        "nombre": "Bíceps"
    }
},
{
    "model": "fitness.grupomuscular",
    "pk": 1,
    "fields": {
        "nombre": "House give agree degree able hot.",
        "nivel": "MEDIANO",
        "musculos": [
            6,
            9,
            13
        ]
    }
},
{
    "model": "fitness.grupomuscular",
    "pk": 2,
    "fields": {
        "nombre": "Sea short even word hotel southern another.",
        "nivel": "MEDIANO",
        "musculos": [
            8,
            14
        ]
    }
},
{
    "model": "fitness.grupomuscular",
    "pk": 3,
    "fields": {
        "nombre": "Individual appear both money keep TV once stage.",
        "nivel": "GRANDE",
        "musculos": [
            13
        ]
    }
},
{
    "model": "fitness.grupomuscular",
    "pk": 4,
    "fields": {
        "nombre": "Professor available religious natural.",
        "nivel": "GRANDE",
        "musculos": [
            1,
            3,
            6
        ]
    }
},
{
    "model": "fitness.grupomuscular",
    "pk": 5,
    "fields": {
        "nombre": "Individual learn occur require back fact he.",
        "nivel": "GRANDE",
        "musculos": [
            1,
            3,
            5
        ]
    }
},
{
    "model": "fitness.grupomuscular",
    "pk": 6,
    "fields": {
        "nombre": "Against young it they half Republican.",
        "nivel": "MEDIANO",
        "musculos": [
            6,
            9
        ]
    }
},
{
    "model": "fitness.grupomuscular",
    "pk": 7,
    "fields": {
        "nombre": "Process result girl quality.",
        "nivel": "GRANDE",
        "musculos": [
            1,
            4,
            8,
            12
        ]
    }
},
{
    "model": "fitness.grupomuscular",
    "pk": 8,
    "fields": {
        "nombre": "Grupos musculares pequeños",
        "nivel": "PEQUEÑO",
        "musculos": [
            9
        ]
    }
},
{
    "model": "fitness.grupomuscular",
    "pk": 9,
    "fields": {
        "nombre": "Grupos musculares grandes",
        "nivel": "GRANDE",
        "musculos": [
            10
        ]
    }
},
{
    "model": "fitness.grupomuscular",
    "pk": 10,
    "fields": {
        "nombre": "Grupos musculares grandes",
        "nivel": "GRANDE",
        "musculos": [
            1
        ]
    }
},
{
    "model": "fitness.grupomuscular",
    "pk": 11,
    "fields": {
        "nombre": "Grupos musculares mediano",
        "nivel": "MEDIANO",
        "musculos": [
            11
        ]
    }
},
{
    "model": "fitness.grupomuscular",
    "pk": 12,
    "fields": {
        "nombre": "Grupos musculares pequeños",
        "nivel": "PEQUEÑO",
        "musculos": [
            9
        ]
    }
},
{
    "model": "fitness.grupomuscular",
    "pk": 13,
    "fields": {
        "nombre": "Grupos musculares mediano",
        "nivel": "MEDIANO",
        "musculos": [
            11
        ]
    }
},
{
    "model": "fitness.grupomuscular",
    "pk": 14,
    "fields": {
        "nombre": "Grupo muscular mediano",
        "nivel": "MEDIANO",
        "musculos": [
            7,
            8
        ]
    }
},
{
    "model": "fitness.grupomuscular",
    "pk": 15,
    "fields": {
        "nombre": "Grupo muscular mediano",
        "nivel": "MEDIANO",
        "musculos": [
            14,
            15
        ]
    }
},
{
    "model": "fitness.ejercicio",
    "pk": 1,
    "fields": {
        "nombre": "Sentadillas",
        "descripcion": "Protect visit watch. Lawyer party after child agree.\r\nAnimal him season thank Republican. Research interview campaign education couple return year. Himself or service tend house.",
        "tipo_ejercicio": "HIT",
        "imagen": "soon.mov",
        "grupos_musculares": [
            13
        ]
    }
},
{
    "model": "fitness.ejercicio",
    "pk": 2,
    "fields": {
        "nombre": "Estocadas",
        "descripcion": "Challenge officer billion to author cost. Without party look. Similar weight technology bag.\r\nHusband firm smile certain. Reality report rich anyone stuff.",
        "tipo_ejercicio": "HIT",
        "imagen": "effort.mp4",
        "grupos_musculares": [
            1,
            2,
            3
        ]
    }
},
{
    "model": "fitness.ejercicio",
    "pk": 5,
    "fields": {
        "nombre": "Flexiones Inclinadas",
        "descripcion": "Admit quality a sister notice. Forward subject window choice. Air PM sister final find.\nSeries notice enter owner day certain window. Next still method senior scene finally.",
        "tipo_ejercicio": "HIT",
        "imagen": "fill.flac",
        "grupos_musculares": [
            4
        ]
    }
},
{
    "model": "fitness.ejercicio",
    "pk": 6,
    "fields": {
        "nombre": "Fondos con dos sillas",
        "descripcion": "Anyone thank if daughter beautiful chance protect.\nTraining prepare big certain century. Serious north marriage next. Various at green training behavior.",
        "tipo_ejercicio": "HIT",
        "imagen": "suffer.mp4",
        "grupos_musculares": [
            3
        ]
    }
},
{
    "model": "fitness.ejercicio",
    "pk": 7,
    "fields": {
        "nombre": "Plancha a una pierna",
        "descripcion": "Once because stock because. Leg day prepare civil vote provide culture of.\nThree shake could available. Food third center table pass material travel.",
        "tipo_ejercicio": "HIT",
        "imagen": "community.txt",
        "grupos_musculares": [
            2,
            9
        ]
    }
},
{
    "model": "fitness.ejercicio",
    "pk": 8,
    "fields": {
        "nombre": "Giro ruso",
        "descripcion": "Show spend investment interest stuff executive. Say reflect will green guess magazine full. Although all policy what happy bar.",
        "tipo_ejercicio": "HIT",
        "imagen": "money.wav",
        "grupos_musculares": [
            1,
            9,
            14
        ]
    }
},
{
    "model": "fitness.ejercicio",
    "pk": 9,
    "fields": {
        "nombre": "Plancha lateral",
        "descripcion": "National hour decide. Bag reflect activity with relationship fund.\nPlayer environmental early strategy season mouth room. Hot too nor marriage guy door develop.",
        "tipo_ejercicio": "HIT",
        "imagen": "my.tiff",
        "grupos_musculares": [
            13
        ]
    }
},
{
    "model": "fitness.ejercicio",
    "pk": 10,
    "fields": {
        "nombre": "Crunch de rana",
        "descripcion": "Join degree ever.\nGame sense style. Actually finish space term.\nAct your my enter hand side. Last action enough.",
        "tipo_ejercicio": "HIT",
        "imagen": "usually.mp3",
        "grupos_musculares": [
            8,
            9
        ]
    }
},
{
    "model": "fitness.ejercicio",
    "pk": 16,
    "fields": {
        "nombre": "Abdominales",
        "descripcion": "Prueba12345",
        "tipo_ejercicio": "FUN",
        "imagen": "",
        "grupos_musculares": []
    }
},
{
    "model": "fitness.ejercicio",
    "pk": 17,
    "fields": {
        "nombre": "Hiperextensiones",
        "descripcion": "123456789L",
        "tipo_ejercicio": "FUN",
        "imagen": "",
        "grupos_musculares": []
    }
},
{
    "model": "fitness.ejercicio",
    "pk": 18,
    "fields": {
        "nombre": "Prueba1",
        "descripcion": "Prueba1234567",
        "tipo_ejercicio": "FUN",
        "imagen": "",
        "grupos_musculares": [
            10
        ]
    }
},
{
    "model": "fitness.cliente",
    "pk": 1,
    "fields": {
        "usuario": 3
    }
},
{
    "model": "fitness.cliente",
    "pk": 2,
    "fields": {
        "usuario": 16
    }
},
{
    "model": "fitness.cliente",
    "pk": 3,
    "fields": {
        "usuario": 10
    }
},
{
    "model": "fitness.cliente",
    "pk": 4,
    "fields": {
        "usuario": 9
    }
},
{
    "model": "fitness.cliente",
    "pk": 5,
    "fields": {
        "usuario": 7
    }
},
{
    "model": "fitness.cliente",
    "pk": 6,
    "fields": {
        "usuario": 13
    }
},
{
    "model": "fitness.cliente",
    "pk": 7,
    "fields": {
        "usuario": 8
    }
},
{
    "model": "fitness.cliente",
    "pk": 8,
    "fields": {
        "usuario": 4
    }
},
{
    "model": "fitness.cliente",
    "pk": 9,
    "fields": {
        "usuario": 6
    }
},
{
    "model": "fitness.cliente",
    "pk": 10,
    "fields": {
        "usuario": 17
    }
},
{
    "model": "fitness.cliente",
    "pk": 11,
    "fields": {
        "usuario": 11
    }
},
{
    "model": "fitness.cliente",
    "pk": 12,
    "fields": {
        "usuario": 5
    }
},
{
    "model": "fitness.cliente",
    "pk": 13,
    "fields": {
        "usuario": 15
    }
},
{
    "model": "fitness.cliente",
    "pk": 14,
    "fields": {
        "usuario": 12
    }
},
{
    "model": "fitness.cliente",
    "pk": 15,
    "fields": {
        "usuario": 14
    }
},
{
    "model": "fitness.cliente",
    "pk": 16,
    "fields": {
        "usuario": 18
    }
},
{
    "model": "fitness.favoritos",
    "pk": 2,
    "fields": {
        "cliente": 2,
        "ejercicio": 5
    }
},
{
    "model": "fitness.favoritos",
    "pk": 3,
    "fields": {
        "cliente": 3,
        "ejercicio": 2
    }
},
{
    "model": "fitness.favoritos",
    "pk": 4,
    "fields": {
        "cliente": 3,
        "ejercicio": 7
    }
},
{
    "model": "fitness.favoritos",
    "pk": 5,
    "fields": {
        "cliente": 3,
        "ejercicio": 9
    }
},
{
    "model": "fitness.favoritos",
    "pk": 6,
    "fields": {
        "cliente": 3,
        "ejercicio": 1
    }
},
{
    "model": "fitness.favoritos",
    "pk": 8,
    "fields": {
        "cliente": 5,
        "ejercicio": 6
    }
},
{
    "model": "fitness.favoritos",
    "pk": 9,
    "fields": {
        "cliente": 6,
        "ejercicio": 10
    }
},
{
    "model": "fitness.favoritos",
    "pk": 10,
    "fields": {
        "cliente": 7,
        "ejercicio": 5
    }
},
{
    "model": "fitness.favoritos",
    "pk": 11,
    "fields": {
        "cliente": 7,
        "ejercicio": 6
    }
},
{
    "model": "fitness.favoritos",
    "pk": 14,
    "fields": {
        "cliente": 8,
        "ejercicio": 9
    }
},
{
    "model": "fitness.favoritos",
    "pk": 16,
    "fields": {
        "cliente": 9,
        "ejercicio": 1
    }
},
{
    "model": "fitness.favoritos",
    "pk": 20,
    "fields": {
        "cliente": 11,
        "ejercicio": 6
    }
},
{
    "model": "fitness.favoritos",
    "pk": 21,
    "fields": {
        "cliente": 11,
        "ejercicio": 5
    }
},
{
    "model": "fitness.favoritos",
    "pk": 23,
    "fields": {
        "cliente": 12,
        "ejercicio": 6
    }
},
{
    "model": "fitness.favoritos",
    "pk": 25,
    "fields": {
        "cliente": 14,
        "ejercicio": 8
    }
},
{
    "model": "fitness.favoritos",
    "pk": 26,
    "fields": {
        "cliente": 14,
        "ejercicio": 6
    }
},
{
    "model": "fitness.favoritos",
    "pk": 27,
    "fields": {
        "cliente": 14,
        "ejercicio": 10
    }
},
{
    "model": "fitness.favoritos",
    "pk": 28,
    "fields": {
        "cliente": 15,
        "ejercicio": 6
    }
},
{
    "model": "fitness.favoritos",
    "pk": 29,
    "fields": {
        "cliente": 15,
        "ejercicio": 8
    }
},
{
    "model": "fitness.favoritos",
    "pk": 31,
    "fields": {
        "cliente": 16,
        "ejercicio": 10
    }
},
{
    "model": "fitness.favoritos",
    "pk": 34,
    "fields": {
        "cliente": 10,
        "ejercicio": 10
    }
},
{
    "model": "fitness.favoritos",
    "pk": 35,
    "fields": {
        "cliente": 9,
        "ejercicio": 2
    }
},
{
    "model": "fitness.favoritos",
    "pk": 39,
    "fields": {
        "cliente": 6,
        "ejercicio": 1
    }
},
{
    "model": "fitness.favoritos",
    "pk": 46,
    "fields": {
        "cliente": 2,
        "ejercicio": 8
    }
},
{
    "model": "fitness.favoritos",
    "pk": 47,
    "fields": {
        "cliente": 12,
        "ejercicio": 8
    }
},
{
    "model": "fitness.categoriaejercicio",
    "pk": 1,
    "fields": {
        "nombre": "Rich pick white ready.",
        "descripcion": "Name office candidate perhaps white. Before build great management.\nCenter available company back student edge. Who pretty sister husband Mr organization.",
        "ejercicios": [
            6
        ]
    }
},
{
    "model": "fitness.categoriaejercicio",
    "pk": 2,
    "fields": {
        "nombre": "Between determine kid foot yes.",
        "descripcion": "No sit personal.\nTheory before common research nothing. Available executive spring garden.\nQuite pattern production. Air and sing pass reality people involve.",
        "ejercicios": [
            5
        ]
    }
},
{
    "model": "fitness.categoriaejercicio",
    "pk": 3,
    "fields": {
        "nombre": "Brother forget purpose media information.",
        "descripcion": "According number live speak. Sign baby once son reveal everybody most. Management we certainly.\nMachine memory kind beat still art money.",
        "ejercicios": [
            2,
            9
        ]
    }
},
{
    "model": "fitness.categoriaejercicio",
    "pk": 4,
    "fields": {
        "nombre": "Like forward road truth television expect size.",
        "descripcion": "Effect similar join establish. Like father find no. Company board money cost mean think television place. Minute interview practice south mouth trial.",
        "ejercicios": [
            9
        ]
    }
},
{
    "model": "fitness.categoriaejercicio",
    "pk": 5,
    "fields": {
        "nombre": "Western represent together enjoy.",
        "descripcion": "Realize inside purpose and rate school war people. Become hold southern particular. People world surface middle color.",
        "ejercicios": [
            5
        ]
    }
},
{
    "model": "fitness.categoriaejercicio",
    "pk": 6,
    "fields": {
        "nombre": "Line senior beyond clearly.",
        "descripcion": "Argue doctor finish population simple. Probably student situation type magazine. Issue result issue be here.\nFar whom hard miss himself. Mother sport person off information civil.",
        "ejercicios": [
            8
        ]
    }
},
{
    "model": "fitness.categoriaejercicio",
    "pk": 7,
    "fields": {
        "nombre": "Trial billion live peace ok war bank.",
        "descripcion": "Leave this crime decision role style mother spend. Call offer professor impact.",
        "ejercicios": [
            6,
            7
        ]
    }
},
{
    "model": "fitness.categoriaejercicio",
    "pk": 8,
    "fields": {
        "nombre": "Claim understand short environment get.",
        "descripcion": "Government task six conference. Here cause series budget step require about. Life argue fast later responsibility adult eat. When until newspaper cause.",
        "ejercicios": [
            9
        ]
    }
},
{
    "model": "fitness.categoriaejercicio",
    "pk": 9,
    "fields": {
        "nombre": "Song group church deal call relationship.",
        "descripcion": "Including idea those apply art water. Notice trouble common miss trial.\nBelieve whose industry main security full. Say nation you Democrat. We together factor fact put begin item mention.",
        "ejercicios": [
            1,
            5
        ]
    }
},
{
    "model": "fitness.categoriaejercicio",
    "pk": 10,
    "fields": {
        "nombre": "Adult establish big music type human opportunity.",
        "descripcion": "Very alone raise structure certain where. Picture large effect.",
        "ejercicios": [
            5
        ]
    }
},
{
    "model": "fitness.categoriaejercicio",
    "pk": 11,
    "fields": {
        "nombre": "Something to two step civil available.",
        "descripcion": "Into only matter behavior then other discuss. Suggest state shoulder common high interesting.",
        "ejercicios": [
            2
        ]
    }
},
{
    "model": "fitness.categoriaejercicio",
    "pk": 12,
    "fields": {
        "nombre": "Speech child growth only.",
        "descripcion": "Win second smile air item.\nGrow fish time nation. Reflect them exist think director under goal walk. Claim pressure others real man voice.",
        "ejercicios": [
            1,
            2,
            5
        ]
    }
},
{
    "model": "fitness.categoriaejercicio",
    "pk": 13,
    "fields": {
        "nombre": "Different oil my tough project.",
        "descripcion": "Difficult do add young now word political small. Plant production course particular recently suggest head.\nDecide whole she. And relationship half full.",
        "ejercicios": [
            6
        ]
    }
},
{
    "model": "fitness.categoriaejercicio",
    "pk": 14,
    "fields": {
        "nombre": "Around prevent other sort.",
        "descripcion": "Article film get close author blood item. Coach point answer their ready able. Cup middle city along recognize value claim.\nSure anything live year art. Focus American quickly continue.",
        "ejercicios": [
            9
        ]
    }
},
{
    "model": "fitness.categoriaejercicio",
    "pk": 15,
    "fields": {
        "nombre": "You education nor physical financial.",
        "descripcion": "Notice life culture stuff. Different way first. Prevent buy mean because mind until treat.\nFuture staff them head serve look way. Himself must performance they man be. Billion anyone accept wonder.",
        "ejercicios": [
            7
        ]
    }
},
{
    "model": "fitness.entrenamiento",
    "pk": 1,
    "fields": {
        "usuario": 19,
        "nombre": "Entrenamiento de Fuerza",
        "descripcion": "Should effort recent. She score min",
        "duracion": 24297,
        "tipo": "FUE"
    }
},
{
    "model": "fitness.entrenamiento",
    "pk": 5,
    "fields": {
        "usuario": 4,
        "nombre": "Entrenamiento de Resistencia",
        "descripcion": "Consumer rule idea father she pressure. Capital then including tough language.",
        "duracion": 13171,
        "tipo": "POT"
    }
},
{
    "model": "fitness.entrenamiento",
    "pk": 6,
    "fields": {
        "usuario": 3,
        "nombre": "Zumba",
        "descripcion": "Skill chair doctor leader scene. Whose someone yes term save. Argue itself speech heavy.",
        "duracion": 19384,
        "tipo": "FUE"
    }
},
{
    "model": "fitness.entrenamiento",
    "pk": 7,
    "fields": {
        "usuario": 2,
        "nombre": "GAP",
        "descripcion": "Two speak course type agree more heart art. Trouble interesting picture parent.",
        "duracion": 50,
        "tipo": "FUE"
    }
},
{
    "model": "fitness.entrenamientoejercicio",
    "pk": 59,
    "fields": {
        "entrenamiento": 1,
        "ejercicio": 1,
        "repeticiones": 0,
        "peso_utilizado": 0.0
    }
},
{
    "model": "fitness.entrenamientoejercicio",
    "pk": 60,
    "fields": {
        "entrenamiento": 1,
        "ejercicio": 2,
        "repeticiones": 0,
        "peso_utilizado": 0.0
    }
},
{
    "model": "fitness.entrenamientoejercicio",
    "pk": 62,
    "fields": {
        "entrenamiento": 5,
        "ejercicio": 1,
        "repeticiones": 0,
        "peso_utilizado": 0.0
    }
},
{
    "model": "fitness.entrenamientoejercicio",
    "pk": 63,
    "fields": {
        "entrenamiento": 5,
        "ejercicio": 2,
        "repeticiones": 0,
        "peso_utilizado": 0.0
    }
},
{
    "model": "fitness.entrenamientoejercicio",
    "pk": 67,
    "fields": {
        "entrenamiento": 6,
        "ejercicio": 5,
        "repeticiones": 0,
        "peso_utilizado": 0.0
    }
},
{
    "model": "fitness.entrenamientoejercicio",
    "pk": 68,
    "fields": {
        "entrenamiento": 7,
        "ejercicio": 5,
        "repeticiones": 0,
        "peso_utilizado": 0.0
    }
},
{
    "model": "fitness.entrenamientoejercicio",
    "pk": 69,
    "fields": {
        "entrenamiento": 7,
        "ejercicio": 6,
        "repeticiones": 0,
        "peso_utilizado": 0.0
    }
},
{
    "model": "fitness.entrenamientoejercicio",
    "pk": 70,
    "fields": {
        "entrenamiento": 7,
        "ejercicio": 7,
        "repeticiones": 0,
        "peso_utilizado": 0.0
    }
},
{
    "model": "fitness.historialejercicio",
    "pk": 1,
    "fields": {
        "usuario": 6,
        "ejercicio": 1,
        "fecha": "2024-03-09T19:11:49Z",
        "duracion": 0,
        "repeticiones": 0,
        "peso": 7.0,
        "calorias": 12.0
    }
},
{
    "model": "fitness.historialejercicio",
    "pk": 2,
    "fields": {
        "usuario": 10,
        "ejercicio": 1,
        "fecha": "2024-03-09T19:11:49.780Z",
        "duracion": 0,
        "repeticiones": 0,
        "peso": 0.0,
        "calorias": 0.0
    }
},
{
    "model": "fitness.historialejercicio",
    "pk": 3,
    "fields": {
        "usuario": 18,
        "ejercicio": 2,
        "fecha": "2024-03-09T19:11:49.809Z",
        "duracion": 0,
        "repeticiones": 0,
        "peso": 0.0,
        "calorias": 0.0
    }
},
{
    "model": "fitness.historialejercicio",
    "pk": 4,
    "fields": {
        "usuario": 12,
        "ejercicio": 2,
        "fecha": "2024-03-09T19:11:49.814Z",
        "duracion": 0,
        "repeticiones": 0,
        "peso": 0.0,
        "calorias": 0.0
    }
},
{
    "model": "fitness.historialejercicio",
    "pk": 5,
    "fields": {
        "usuario": 17,
        "ejercicio": 2,
        "fecha": "2024-03-09T19:11:49.818Z",
        "duracion": 0,
        "repeticiones": 0,
        "peso": 0.0,
        "calorias": 0.0
    }
},
{
    "model": "fitness.historialejercicio",
    "pk": 11,
    "fields": {
        "usuario": 6,
        "ejercicio": 5,
        "fecha": "2024-03-09T19:11:49Z",
        "duracion": 0,
        "repeticiones": 0,
        "peso": 5.0,
        "calorias": 5.0
    }
},
{
    "model": "fitness.historialejercicio",
    "pk": 12,
    "fields": {
        "usuario": 4,
        "ejercicio": 5,
        "fecha": "2024-03-09T19:11:49.871Z",
        "duracion": 0,
        "repeticiones": 0,
        "peso": 0.0,
        "calorias": 0.0
    }
},
{
    "model": "fitness.historialejercicio",
    "pk": 13,
    "fields": {
        "usuario": 16,
        "ejercicio": 5,
        "fecha": "2024-03-09T19:11:49.872Z",
        "duracion": 0,
        "repeticiones": 0,
        "peso": 0.0,
        "calorias": 0.0
    }
},
{
    "model": "fitness.historialejercicio",
    "pk": 14,
    "fields": {
        "usuario": 11,
        "ejercicio": 6,
        "fecha": "2024-03-09T19:11:49.886Z",
        "duracion": 0,
        "repeticiones": 0,
        "peso": 0.0,
        "calorias": 0.0
    }
},
{
    "model": "fitness.historialejercicio",
    "pk": 15,
    "fields": {
        "usuario": 18,
        "ejercicio": 6,
        "fecha": "2024-03-09T19:11:49.888Z",
        "duracion": 0,
        "repeticiones": 0,
        "peso": 0.0,
        "calorias": 0.0
    }
},
{
    "model": "fitness.historialejercicio",
    "pk": 16,
    "fields": {
        "usuario": 7,
        "ejercicio": 6,
        "fecha": "2024-03-09T19:11:49.890Z",
        "duracion": 0,
        "repeticiones": 0,
        "peso": 0.0,
        "calorias": 0.0
    }
},
{
    "model": "fitness.historialejercicio",
    "pk": 17,
    "fields": {
        "usuario": 6,
        "ejercicio": 6,
        "fecha": "2024-03-09T19:11:49.892Z",
        "duracion": 0,
        "repeticiones": 0,
        "peso": 0.0,
        "calorias": 0.0
    }
},
{
    "model": "fitness.historialejercicio",
    "pk": 18,
    "fields": {
        "usuario": 13,
        "ejercicio": 7,
        "fecha": "2024-03-09T19:11:49.899Z",
        "duracion": 0,
        "repeticiones": 0,
        "peso": 0.0,
        "calorias": 0.0
    }
},
{
    "model": "fitness.historialejercicio",
    "pk": 19,
    "fields": {
        "usuario": 8,
        "ejercicio": 7,
        "fecha": "2024-03-09T19:11:49.900Z",
        "duracion": 0,
        "repeticiones": 0,
        "peso": 0.0,
        "calorias": 0.0
    }
},
{
    "model": "fitness.historialejercicio",
    "pk": 20,
    "fields": {
        "usuario": 4,
        "ejercicio": 8,
        "fecha": "2024-03-09T19:11:49.908Z",
        "duracion": 0,
        "repeticiones": 0,
        "peso": 0.0,
        "calorias": 0.0
    }
},
{
    "model": "fitness.historialejercicio",
    "pk": 21,
    "fields": {
        "usuario": 7,
        "ejercicio": 8,
        "fecha": "2024-03-09T19:11:49.909Z",
        "duracion": 0,
        "repeticiones": 0,
        "peso": 0.0,
        "calorias": 0.0
    }
},
{
    "model": "fitness.historialejercicio",
    "pk": 22,
    "fields": {
        "usuario": 8,
        "ejercicio": 9,
        "fecha": "2024-03-09T19:11:49.916Z",
        "duracion": 0,
        "repeticiones": 0,
        "peso": 0.0,
        "calorias": 0.0
    }
},
{
    "model": "fitness.historialejercicio",
    "pk": 23,
    "fields": {
        "usuario": 5,
        "ejercicio": 10,
        "fecha": "2024-03-09T19:11:49.924Z",
        "duracion": 0,
        "repeticiones": 0,
        "peso": 0.0,
        "calorias": 0.0
    }
},
{
    "model": "fitness.historialejercicio",
    "pk": 24,
    "fields": {
        "usuario": 8,
        "ejercicio": 10,
        "fecha": "2024-03-09T19:11:49.925Z",
        "duracion": 0,
        "repeticiones": 0,
        "peso": 0.0,
        "calorias": 0.0
    }
},
{
    "model": "fitness.historialejercicio",
    "pk": 25,
    "fields": {
        "usuario": 14,
        "ejercicio": 10,
        "fecha": "2024-03-09T19:11:49.926Z",
        "duracion": 0,
        "repeticiones": 0,
        "peso": 0.0,
        "calorias": 0.0
    }
},
{
    "model": "fitness.historialejercicio",
    "pk": 33,
    "fields": {
        "usuario": 16,
        "ejercicio": 9,
        "fecha": "2024-03-09T19:11:49.148Z",
        "duracion": -9355,
        "repeticiones": 2746,
        "peso": 0.5693774234107296,
        "calorias": 0.10542534507243495
    }
},
{
    "model": "fitness.historialejercicio",
    "pk": 34,
    "fields": {
        "usuario": 11,
        "ejercicio": 10,
        "fecha": "2024-03-09T19:11:49.148Z",
        "duracion": 24328,
        "repeticiones": 11277,
        "peso": 0.8501653067927514,
        "calorias": 0.9373714820208559
    }
},
{
    "model": "fitness.historialejercicio",
    "pk": 35,
    "fields": {
        "usuario": 16,
        "ejercicio": 7,
        "fecha": "2024-03-09T19:11:49.148Z",
        "duracion": 1538,
        "repeticiones": 11134,
        "peso": 0.8488084381581965,
        "calorias": 0.5233297442174547
    }
},
{
    "model": "fitness.historialejercicio",
    "pk": 39,
    "fields": {
        "usuario": 17,
        "ejercicio": 6,
        "fecha": "2024-03-09T19:11:49.148Z",
        "duracion": 6129,
        "repeticiones": -30354,
        "peso": 0.7715741584362124,
        "calorias": 0.6208852009574561
    }
},
{
    "model": "fitness.historialejercicio",
    "pk": 41,
    "fields": {
        "usuario": 10,
        "ejercicio": 9,
        "fecha": "2024-03-09T19:11:49.148Z",
        "duracion": -31895,
        "repeticiones": 5390,
        "peso": 0.6328460425142248,
        "calorias": 0.23517859975530675
    }
},
{
    "model": "fitness.historialejercicio",
    "pk": 42,
    "fields": {
        "usuario": 9,
        "ejercicio": 9,
        "fecha": "2024-03-09T19:11:49.148Z",
        "duracion": -3321,
        "repeticiones": 32668,
        "peso": 0.5136226514073772,
        "calorias": 0.9763192702306513
    }
},
{
    "model": "fitness.historialejercicio",
    "pk": 47,
    "fields": {
        "usuario": 7,
        "ejercicio": 9,
        "fecha": "2024-03-09T19:11:49.148Z",
        "duracion": -19923,
        "repeticiones": 13750,
        "peso": 0.5615072033137197,
        "calorias": 0.5621425242037084
    }
},
{
    "model": "fitness.historialejercicio",
    "pk": 48,
    "fields": {
        "usuario": 20,
        "ejercicio": 1,
        "fecha": "2024-03-10T02:00:07Z",
        "duracion": 10,
        "repeticiones": 15,
        "peso": 2.0,
        "calorias": 40.0
    }
},
{
    "model": "fitness.historialejercicio",
    "pk": 49,
    "fields": {
        "usuario": 20,
        "ejercicio": 2,
        "fecha": "2024-03-10T02:00:36Z",
        "duracion": 400,
        "repeticiones": 20,
        "peso": 10.0,
        "calorias": 25.0
    }
},
{
    "model": "fitness.historialejercicio",
    "pk": 50,
    "fields": {
        "usuario": 19,
        "ejercicio": 6,
        "fecha": "2024-03-10T10:44:50Z",
        "duracion": 50,
        "repeticiones": 20,
        "peso": 2.0,
        "calorias": 50.0
    }
},
{
    "model": "fitness.historialejercicio",
    "pk": 51,
    "fields": {
        "usuario": 19,
        "ejercicio": 6,
        "fecha": "2024-03-10T11:55:53Z",
        "duracion": 10,
        "repeticiones": 20,
        "peso": 5.0,
        "calorias": 40.0
    }
},
{
    "model": "fitness.historialejercicio",
    "pk": 52,
    "fields": {
        "usuario": 3,
        "ejercicio": 18,
        "fecha": "2024-03-10T19:01:38.840Z",
        "duracion": 0,
        "repeticiones": 0,
        "peso": 0.0,
        "calorias": 0.0
    }
},
{
    "model": "fitness.comentario",
    "pk": 2,
    "fields": {
        "usuario": 13,
        "entrenamiento": 7,
        "texto": "Firm animal voice every. Black phone loss poor risk. If image always still.\nBuild sing him represent child point.",
        "fecha": "2024-03-09T19:11:49.148Z"
    }
},
{
    "model": "fitness.comentario",
    "pk": 6,
    "fields": {
        "usuario": 17,
        "entrenamiento": 1,
        "texto": "Various different everyone interesting. Box interesting operation study now.\nUpon fine go. Financial yard role late carry. Whole nothing list.",
        "fecha": "2024-03-09T19:11:49.148Z"
    }
},
{
    "model": "fitness.comentario",
    "pk": 7,
    "fields": {
        "usuario": 4,
        "entrenamiento": 1,
        "texto": "Reveal front them exist sell step middle. Letter throughout help doctor computer.\nDecision state maintain must idea onto measure. Skin around company their. Social thing public medical laugh range.",
        "fecha": "2024-03-09T19:11:49.148Z"
    }
},
{
    "model": "fitness.comentario",
    "pk": 8,
    "fields": {
        "usuario": 5,
        "entrenamiento": 6,
        "texto": "Thank truth subject left camera. Difficult message between wait simply. Move specific seat dog detail eight.",
        "fecha": "2024-03-09T19:11:49.148Z"
    }
},
{
    "model": "fitness.comentario",
    "pk": 9,
    "fields": {
        "usuario": 9,
        "entrenamiento": 7,
        "texto": "Medical the sit age industry per.\nSystem sport require east join base wall picture.\nLeave health data significant huge develop realize. Recently truth gas by investment magazine.",
        "fecha": "2024-03-09T19:11:49.148Z"
    }
},
{
    "model": "fitness.comentario",
    "pk": 15,
    "fields": {
        "usuario": 4,
        "entrenamiento": 5,
        "texto": "Practice view history long leg. New everybody job door. Prepare deal common than notice upon.",
        "fecha": "2024-03-09T19:11:49.148Z"
    }
},
{
    "model": "fitness.planentrenamiento",
    "pk": 1,
    "fields": {
        "usuario": 14,
        "nombre": "Couple establish yourself onto.\nEnergy baby our these edge represent. Parent carry person else.",
        "descripcion": "Subject manage nothing field beat nature ever away.\nFoot east operation west night collection.\nStay of price individual officer last personal. Sing ground thank employee.",
        "duracion_estimada": 29915,
        "dificultad": "Quickly with.",
        "fecha_inicio": "2024-03-09T19:11:49.148Z",
        "fecha_fin": "2024-03-09T19:11:49.148Z"
    }
},
{
    "model": "fitness.planentrenamiento",
    "pk": 2,
    "fields": {
        "usuario": 6,
        "nombre": "Put anyone time western generation administration.",
        "descripcion": "Manager interesting television born the out money. Within reality system. Real party sure I morning partner voice.",
        "duracion_estimada": -19089,
        "dificultad": "Treat music car.",
        "fecha_inicio": "2024-03-09T19:11:49.148Z",
        "fecha_fin": "2024-03-09T19:11:49.148Z"
    }
},
{
    "model": "fitness.planentrenamiento",
    "pk": 3,
    "fields": {
        "usuario": 4,
        "nombre": "Cover year trip find kid white worry. Its career fly page yourself community national.",
        "descripcion": "Thought look culture leader. Food test size listen. Mean response scene big son how beyond.\nYet fear sign language high country heavy offer. Region huge those before campaign.",
        "duracion_estimada": 5305,
        "dificultad": "Coach red debate be.",
        "fecha_inicio": "2024-03-09T19:11:49.148Z",
        "fecha_fin": "2024-03-09T19:11:49.148Z"
    }
},
{
    "model": "fitness.planentrenamiento",
    "pk": 4,
    "fields": {
        "usuario": 15,
        "nombre": "People scientist deal central tell. Run PM else test matter skin stuff.",
        "descripcion": "Hope common collection part north our situation. Behavior myself name help free wish student skill. Find where person large term father thank. Whose why investment form week impact rather next.",
        "duracion_estimada": 16924,
        "dificultad": "Necessary concern.",
        "fecha_inicio": "2024-03-09T19:11:49.148Z",
        "fecha_fin": "2024-03-09T19:11:49.148Z"
    }
},
{
    "model": "fitness.planentrenamiento",
    "pk": 5,
    "fields": {
        "usuario": 10,
        "nombre": "Soldier you want street president popular. Some produce here seven.",
        "descripcion": "Many tonight anyone live. Including along design since stay main. Big a method operation religious summer.",
        "duracion_estimada": 28009,
        "dificultad": "Sometimes west.",
        "fecha_inicio": "2024-03-09T19:11:49.148Z",
        "fecha_fin": "2024-03-09T19:11:49.148Z"
    }
},
{
    "model": "fitness.planentrenamiento",
    "pk": 6,
    "fields": {
        "usuario": 16,
        "nombre": "Identify investment capital little. Game industry discuss ago commercial a.",
        "descripcion": "Opportunity far behavior throw military. Car budget edge establish enjoy camera four product. Tonight long rise third.\nSit but affect. Loss pay no account local. Seven charge today.",
        "duracion_estimada": -12422,
        "dificultad": "Probably range.",
        "fecha_inicio": "2024-03-09T19:11:49.148Z",
        "fecha_fin": "2024-03-09T19:11:49.148Z"
    }
},
{
    "model": "fitness.planentrenamiento",
    "pk": 7,
    "fields": {
        "usuario": 10,
        "nombre": "Board want listen chance.\nSome young responsibility rise fall dark.",
        "descripcion": "Food owner trade bar. Black let school fast century page amount.\nCandidate similar blood enough. Tv industry ground about rate show.",
        "duracion_estimada": -19413,
        "dificultad": "Mother eight risk.",
        "fecha_inicio": "2024-03-09T19:11:49.148Z",
        "fecha_fin": "2024-03-09T19:11:49.148Z"
    }
},
{
    "model": "fitness.planentrenamiento",
    "pk": 8,
    "fields": {
        "usuario": 11,
        "nombre": "Cost maybe apply than information. Well issue road turn after certain while.",
        "descripcion": "Likely prevent get get writer now every. Power start dark later. Already explain them.\nWhile try next Mr role. Share only church night control. My identify ask throughout yard in prevent forget.",
        "duracion_estimada": -25915,
        "dificultad": "Authority mission.",
        "fecha_inicio": "2024-03-09T19:11:49.148Z",
        "fecha_fin": "2024-03-09T19:11:49.148Z"
    }
},
{
    "model": "fitness.planentrenamiento",
    "pk": 9,
    "fields": {
        "usuario": 4,
        "nombre": "Approach gun explain perform. Finally to and stand everybody practice. Everybody assume ground.",
        "descripcion": "Will past so wrong. Pm analysis laugh hard city. Contain city enjoy sometimes point.\nDrop protect door west. Authority activity those although exactly best movement. Fill prevent data hard.",
        "duracion_estimada": -17695,
        "dificultad": "Oil ago key term.",
        "fecha_inicio": "2024-03-09T19:11:49.148Z",
        "fecha_fin": "2024-03-09T19:11:49.148Z"
    }
},
{
    "model": "fitness.planentrenamiento",
    "pk": 10,
    "fields": {
        "usuario": 13,
        "nombre": "Section interview beat with like. Truth medical eat feeling.",
        "descripcion": "Force bag rate without pick point movement. Wonder customer south guess another whatever. Southern figure it election rest want matter couple. Simply PM kitchen century too.",
        "duracion_estimada": 5849,
        "dificultad": "Serious two amount.",
        "fecha_inicio": "2024-03-09T19:11:49.148Z",
        "fecha_fin": "2024-03-09T19:11:49.148Z"
    }
},
{
    "model": "fitness.planentrenamiento",
    "pk": 11,
    "fields": {
        "usuario": 11,
        "nombre": "Herself seek month short. Person father win office garden at administration.",
        "descripcion": "Final rate inside expert short. Same site sign have challenge people. Moment end central.",
        "duracion_estimada": 4795,
        "dificultad": "Century wish stuff.",
        "fecha_inicio": "2024-03-09T19:11:49.148Z",
        "fecha_fin": "2024-03-09T19:11:49.148Z"
    }
},
{
    "model": "fitness.planentrenamiento",
    "pk": 12,
    "fields": {
        "usuario": 7,
        "nombre": "Mouth station region budget during rich box. Often nothing power. Nothing all worker speech recent.",
        "descripcion": "Society its than easy. With your box number guy color need. You seat behavior cover.\nDeep current network. Purpose radio study result. Media west foot.",
        "duracion_estimada": -28526,
        "dificultad": "Commercial raise.",
        "fecha_inicio": "2024-03-09T19:11:49.148Z",
        "fecha_fin": "2024-03-09T19:11:49.148Z"
    }
},
{
    "model": "fitness.planentrenamiento",
    "pk": 13,
    "fields": {
        "usuario": 12,
        "nombre": "Thousand appear remember. End choice management above the step ok.",
        "descripcion": "Discover make stuff town light. Skin thousand fact majority. Believe line address more purpose cell say.",
        "duracion_estimada": -29962,
        "dificultad": "Oil same describe.",
        "fecha_inicio": "2024-03-09T19:11:49.148Z",
        "fecha_fin": "2024-03-09T19:11:49.148Z"
    }
},
{
    "model": "fitness.planentrenamiento",
    "pk": 14,
    "fields": {
        "usuario": 7,
        "nombre": "Conference group get add. Experience gas you build could for.",
        "descripcion": "Difficult reach show return anything. Way foreign American media lay floor.",
        "duracion_estimada": -23897,
        "dificultad": "Include another.",
        "fecha_inicio": "2024-03-09T19:11:49.148Z",
        "fecha_fin": "2024-03-09T19:11:49.148Z"
    }
},
{
    "model": "fitness.planentrenamiento",
    "pk": 15,
    "fields": {
        "usuario": 10,
        "nombre": "Forget especially often glass tend become. Face skin discover serve enough.",
        "descripcion": "Enjoy this off your. Past right western rich leave. System audience national which pass. Sort age short record answer.\nWhole list provide nation theory.",
        "duracion_estimada": 29964,
        "dificultad": "Which century find.",
        "fecha_inicio": "2024-03-09T19:11:49.148Z",
        "fecha_fin": "2024-03-09T19:11:49.148Z"
    }
},
{
    "model": "fitness.entrenamientoplan",
    "pk": 3,
    "fields": {
        "plan_entrenamiento": 1,
        "entrenamiento": 5
    }
},
{
    "model": "fitness.entrenamientoplan",
    "pk": 4,
    "fields": {
        "plan_entrenamiento": 2,
        "entrenamiento": 6
    }
},
{
    "model": "fitness.entrenamientoplan",
    "pk": 5,
    "fields": {
        "plan_entrenamiento": 3,
        "entrenamiento": 7
    }
},
{
    "model": "fitness.entrenamientoplan",
    "pk": 6,
    "fields": {
        "plan_entrenamiento": 3,
        "entrenamiento": 6
    }
},
{
    "model": "fitness.entrenamientoplan",
    "pk": 8,
    "fields": {
        "plan_entrenamiento": 5,
        "entrenamiento": 5
    }
},
{
    "model": "fitness.entrenamientoplan",
    "pk": 10,
    "fields": {
        "plan_entrenamiento": 6,
        "entrenamiento": 7
    }
},
{
    "model": "fitness.entrenamientoplan",
    "pk": 12,
    "fields": {
        "plan_entrenamiento": 8,
        "entrenamiento": 7
    }
},
{
    "model": "fitness.entrenamientoplan",
    "pk": 17,
    "fields": {
        "plan_entrenamiento": 9,
        "entrenamiento": 5
    }
},
{
    "model": "fitness.entrenamientoplan",
    "pk": 19,
    "fields": {
        "plan_entrenamiento": 10,
        "entrenamiento": 6
    }
},
{
    "model": "fitness.entrenamientoplan",
    "pk": 26,
    "fields": {
        "plan_entrenamiento": 13,
        "entrenamiento": 1
    }
},
{
    "model": "fitness.entrenamientoplan",
    "pk": 27,
    "fields": {
        "plan_entrenamiento": 14,
        "entrenamiento": 1
    }
},
{
    "model": "fitness.entrenamientoplan",
    "pk": 28,
    "fields": {
        "plan_entrenamiento": 14,
        "entrenamiento": 7
    }
},
{
    "model": "fitness.entrenamientoplan",
    "pk": 35,
    "fields": {
        "plan_entrenamiento": 8,
        "entrenamiento": 1
    }
},
{
    "model": "fitness.entrenamientoplan",
    "pk": 36,
    "fields": {
        "plan_entrenamiento": 15,
        "entrenamiento": 6
    }
},
{
    "model": "fitness.seguimientoplanentrenamiento",
    "pk": 1,
    "fields": {
        "usuario": 17,
        "plan_entrenamiento": 10,
        "fecha_inicio": "2024-03-09T19:11:49.148Z",
        "fecha_fin": "2024-03-09T19:11:49.148Z",
        "progreso": 14821
    }
},
{
    "model": "fitness.seguimientoplanentrenamiento",
    "pk": 2,
    "fields": {
        "usuario": 18,
        "plan_entrenamiento": 5,
        "fecha_inicio": "2024-03-09T19:11:49.148Z",
        "fecha_fin": "2024-03-09T19:11:49.148Z",
        "progreso": 15096
    }
},
{
    "model": "fitness.seguimientoplanentrenamiento",
    "pk": 3,
    "fields": {
        "usuario": 5,
        "plan_entrenamiento": 4,
        "fecha_inicio": "2024-03-09T19:11:49.148Z",
        "fecha_fin": "2024-03-09T19:11:49.148Z",
        "progreso": -24698
    }
},
{
    "model": "fitness.seguimientoplanentrenamiento",
    "pk": 4,
    "fields": {
        "usuario": 15,
        "plan_entrenamiento": 1,
        "fecha_inicio": "2024-03-09T19:11:49.148Z",
        "fecha_fin": "2024-03-09T19:11:49.148Z",
        "progreso": 25878
    }
},
{
    "model": "fitness.seguimientoplanentrenamiento",
    "pk": 5,
    "fields": {
        "usuario": 18,
        "plan_entrenamiento": 13,
        "fecha_inicio": "2024-03-09T19:11:49.148Z",
        "fecha_fin": "2024-03-09T19:11:49.148Z",
        "progreso": 5053
    }
},
{
    "model": "fitness.seguimientoplanentrenamiento",
    "pk": 6,
    "fields": {
        "usuario": 12,
        "plan_entrenamiento": 13,
        "fecha_inicio": "2024-03-09T19:11:49.148Z",
        "fecha_fin": "2024-03-09T19:11:49.148Z",
        "progreso": -2699
    }
},
{
    "model": "fitness.seguimientoplanentrenamiento",
    "pk": 7,
    "fields": {
        "usuario": 15,
        "plan_entrenamiento": 12,
        "fecha_inicio": "2024-03-09T19:11:49.148Z",
        "fecha_fin": "2024-03-09T19:11:49.148Z",
        "progreso": 1184
    }
},
{
    "model": "fitness.seguimientoplanentrenamiento",
    "pk": 8,
    "fields": {
        "usuario": 9,
        "plan_entrenamiento": 9,
        "fecha_inicio": "2024-03-09T19:11:49.148Z",
        "fecha_fin": "2024-03-09T19:11:49.148Z",
        "progreso": -8969
    }
},
{
    "model": "fitness.seguimientoplanentrenamiento",
    "pk": 9,
    "fields": {
        "usuario": 6,
        "plan_entrenamiento": 1,
        "fecha_inicio": "2024-03-09T19:11:49.148Z",
        "fecha_fin": "2024-03-09T19:11:49.148Z",
        "progreso": -11014
    }
},
{
    "model": "fitness.seguimientoplanentrenamiento",
    "pk": 10,
    "fields": {
        "usuario": 14,
        "plan_entrenamiento": 10,
        "fecha_inicio": "2024-03-09T19:11:49.148Z",
        "fecha_fin": "2024-03-09T19:11:49.148Z",
        "progreso": -3136
    }
},
{
    "model": "fitness.seguimientoplanentrenamiento",
    "pk": 11,
    "fields": {
        "usuario": 5,
        "plan_entrenamiento": 11,
        "fecha_inicio": "2024-03-09T19:11:49.148Z",
        "fecha_fin": "2024-03-09T19:11:49.148Z",
        "progreso": 27389
    }
},
{
    "model": "fitness.seguimientoplanentrenamiento",
    "pk": 12,
    "fields": {
        "usuario": 10,
        "plan_entrenamiento": 14,
        "fecha_inicio": "2024-03-09T19:11:49.148Z",
        "fecha_fin": "2024-03-09T19:11:49.148Z",
        "progreso": 26583
    }
},
{
    "model": "fitness.seguimientoplanentrenamiento",
    "pk": 13,
    "fields": {
        "usuario": 16,
        "plan_entrenamiento": 11,
        "fecha_inicio": "2024-03-09T19:11:49.148Z",
        "fecha_fin": "2024-03-09T19:11:49.148Z",
        "progreso": -14213
    }
},
{
    "model": "fitness.seguimientoplanentrenamiento",
    "pk": 14,
    "fields": {
        "usuario": 5,
        "plan_entrenamiento": 13,
        "fecha_inicio": "2024-03-09T19:11:49.148Z",
        "fecha_fin": "2024-03-09T19:11:49.148Z",
        "progreso": -11394
    }
},
{
    "model": "fitness.seguimientoplanentrenamiento",
    "pk": 15,
    "fields": {
        "usuario": 8,
        "plan_entrenamiento": 13,
        "fecha_inicio": "2024-03-09T19:11:49.148Z",
        "fecha_fin": "2024-03-09T19:11:49.148Z",
        "progreso": -20584
    }
},
{
    "model": "fitness.rutinadiaria",
    "pk": 1,
    "fields": {
        "usuario": 7,
        "fecha": "2024-03-09T19:11:49.148Z",
        "descripcion": "Kitchen sure second for statement two. Year level east more attention popular with.\nYeah become your recognize sense investment. Close approach level various wait floor leg.",
        "duracion": 19547
    }
},
{
    "model": "fitness.rutinadiaria",
    "pk": 2,
    "fields": {
        "usuario": 18,
        "fecha": "2024-03-09T19:11:49.148Z",
        "descripcion": "Make recent expert. Near arm collection response officer how miss. Owner method talk coach rate station music.",
        "duracion": -19337
    }
},
{
    "model": "fitness.rutinadiaria",
    "pk": 3,
    "fields": {
        "usuario": 5,
        "fecha": "2024-03-09T19:11:49.148Z",
        "descripcion": "Dog mission set second. Appear help property husband statement reveal clear. Something career throw common serious standard.",
        "duracion": -11590
    }
},
{
    "model": "fitness.rutinadiaria",
    "pk": 4,
    "fields": {
        "usuario": 16,
        "fecha": "2024-03-09T19:11:49.148Z",
        "descripcion": "End over share yeah. Together chair student mind at future. Address better play answer.\nInvestment radio whom door wrong institution. Send mention trial sometimes recent out.",
        "duracion": 22904
    }
},
{
    "model": "fitness.rutinadiaria",
    "pk": 5,
    "fields": {
        "usuario": 10,
        "fecha": "2024-03-09T19:11:49.148Z",
        "descripcion": "Attention upon production. Break debate son local risk throughout.\nReturn oil Republican big history player above it. Could true gun turn leave remember region.",
        "duracion": -32087
    }
},
{
    "model": "fitness.rutinadiaria",
    "pk": 6,
    "fields": {
        "usuario": 10,
        "fecha": "2024-03-09T19:11:49.148Z",
        "descripcion": "Training find question debate. Perhaps picture away near like magazine.\nAmerican treatment guess edge top report. Point follow deal away such old two.",
        "duracion": -23320
    }
},
{
    "model": "fitness.rutinadiaria",
    "pk": 7,
    "fields": {
        "usuario": 17,
        "fecha": "2024-03-09T19:11:49.148Z",
        "descripcion": "Worker consumer thought whether. Security catch and suggest stage hot matter successful. Clear authority budget community can success stay.",
        "duracion": 21215
    }
},
{
    "model": "fitness.rutinadiaria",
    "pk": 8,
    "fields": {
        "usuario": 16,
        "fecha": "2024-03-09T19:11:49.148Z",
        "descripcion": "Million nice public money hand. Expert we mother talk baby. Difficult talk keep bank very produce magazine. Window ago computer recent.\nTheory though range response. You sister station land.",
        "duracion": -30188
    }
},
{
    "model": "fitness.rutinadiaria",
    "pk": 9,
    "fields": {
        "usuario": 12,
        "fecha": "2024-03-09T19:11:49.148Z",
        "descripcion": "Shake hot create campaign war old. Surface today recently sound light middle sense.",
        "duracion": -27522
    }
},
{
    "model": "fitness.rutinadiaria",
    "pk": 10,
    "fields": {
        "usuario": 4,
        "fecha": "2024-03-09T19:11:49.148Z",
        "descripcion": "After science wear experience career song. Near fast money history.\nTrue player leave reveal single despite. Newspaper answer six southern this enjoy always.",
        "duracion": 16603
    }
},
{
    "model": "fitness.rutinadiaria",
    "pk": 11,
    "fields": {
        "usuario": 9,
        "fecha": "2024-03-09T19:11:49.148Z",
        "descripcion": "Decision edge common many. Agent now who peace direction usually. On drive fast.\nPlant finish vote product. Need my can shoulder agency debate firm.\nData option above threat test.",
        "duracion": -16162
    }
},
{
    "model": "fitness.rutinadiaria",
    "pk": 12,
    "fields": {
        "usuario": 16,
        "fecha": "2024-03-09T19:11:49.148Z",
        "descripcion": "Eight reality run probably clear sign. Second program building floor fear of not. Tax natural ready animal more mind.",
        "duracion": -25172
    }
},
{
    "model": "fitness.rutinadiaria",
    "pk": 13,
    "fields": {
        "usuario": 10,
        "fecha": "2024-03-09T19:11:49.148Z",
        "descripcion": "Month each without hospital woman call have. Leave bad hit actually.\nLot reality prepare special.\nIdea gas short win however. Fish a four find card.",
        "duracion": -27994
    }
},
{
    "model": "fitness.rutinadiaria",
    "pk": 14,
    "fields": {
        "usuario": 9,
        "fecha": "2024-03-09T19:11:49.148Z",
        "descripcion": "Water off process event. Picture test begin he whether. Prepare consider however ever but artist. Always moment plan.",
        "duracion": 16886
    }
},
{
    "model": "fitness.rutinadiaria",
    "pk": 15,
    "fields": {
        "usuario": 10,
        "fecha": "2024-03-09T19:11:49.148Z",
        "descripcion": "Perform throughout quickly investment. Activity family west see us.\nKitchen education Mrs soldier. Sure sit here south newspaper place. Explain situation apply himself listen.",
        "duracion": -19448
    }
},
{
    "model": "fitness.rutinaejercicio",
    "pk": 1,
    "fields": {
        "rutina_diaria": 1,
        "ejercicio": 6
    }
},
{
    "model": "fitness.rutinaejercicio",
    "pk": 3,
    "fields": {
        "rutina_diaria": 1,
        "ejercicio": 1
    }
},
{
    "model": "fitness.rutinaejercicio",
    "pk": 5,
    "fields": {
        "rutina_diaria": 2,
        "ejercicio": 10
    }
},
{
    "model": "fitness.rutinaejercicio",
    "pk": 6,
    "fields": {
        "rutina_diaria": 2,
        "ejercicio": 5
    }
},
{
    "model": "fitness.rutinaejercicio",
    "pk": 7,
    "fields": {
        "rutina_diaria": 3,
        "ejercicio": 7
    }
},
{
    "model": "fitness.rutinaejercicio",
    "pk": 8,
    "fields": {
        "rutina_diaria": 3,
        "ejercicio": 8
    }
},
{
    "model": "fitness.rutinaejercicio",
    "pk": 10,
    "fields": {
        "rutina_diaria": 4,
        "ejercicio": 7
    }
},
{
    "model": "fitness.rutinaejercicio",
    "pk": 12,
    "fields": {
        "rutina_diaria": 4,
        "ejercicio": 6
    }
},
{
    "model": "fitness.rutinaejercicio",
    "pk": 14,
    "fields": {
        "rutina_diaria": 6,
        "ejercicio": 7
    }
},
{
    "model": "fitness.rutinaejercicio",
    "pk": 15,
    "fields": {
        "rutina_diaria": 6,
        "ejercicio": 8
    }
},
{
    "model": "fitness.rutinaejercicio",
    "pk": 17,
    "fields": {
        "rutina_diaria": 6,
        "ejercicio": 2
    }
},
{
    "model": "fitness.rutinaejercicio",
    "pk": 22,
    "fields": {
        "rutina_diaria": 8,
        "ejercicio": 10
    }
},
{
    "model": "fitness.rutinaejercicio",
    "pk": 24,
    "fields": {
        "rutina_diaria": 8,
        "ejercicio": 7
    }
},
{
    "model": "fitness.rutinaejercicio",
    "pk": 25,
    "fields": {
        "rutina_diaria": 9,
        "ejercicio": 8
    }
},
{
    "model": "fitness.rutinaejercicio",
    "pk": 27,
    "fields": {
        "rutina_diaria": 9,
        "ejercicio": 10
    }
},
{
    "model": "fitness.rutinaejercicio",
    "pk": 30,
    "fields": {
        "rutina_diaria": 10,
        "ejercicio": 7
    }
},
{
    "model": "fitness.rutinaejercicio",
    "pk": 32,
    "fields": {
        "rutina_diaria": 11,
        "ejercicio": 8
    }
},
{
    "model": "fitness.rutinaejercicio",
    "pk": 34,
    "fields": {
        "rutina_diaria": 11,
        "ejercicio": 9
    }
},
{
    "model": "fitness.rutinaejercicio",
    "pk": 37,
    "fields": {
        "rutina_diaria": 13,
        "ejercicio": 1
    }
},
{
    "model": "fitness.rutinaejercicio",
    "pk": 39,
    "fields": {
        "rutina_diaria": 14,
        "ejercicio": 6
    }
},
{
    "model": "fitness.rutinaejercicio",
    "pk": 40,
    "fields": {
        "rutina_diaria": 15,
        "ejercicio": 2
    }
},
{
    "model": "fitness.rutinaejercicio",
    "pk": 41,
    "fields": {
        "rutina_diaria": 15,
        "ejercicio": 8
    }
},
{
    "model": "fitness.rutinaejercicio",
    "pk": 42,
    "fields": {
        "rutina_diaria": 15,
        "ejercicio": 10
    }
},
{
    "model": "fitness.rutinaejercicio",
    "pk": 43,
    "fields": {
        "rutina_diaria": 1,
        "ejercicio": 6
    }
},
{
    "model": "fitness.rutinaejercicio",
    "pk": 45,
    "fields": {
        "rutina_diaria": 14,
        "ejercicio": 5
    }
},
{
    "model": "fitness.rutinaejercicio",
    "pk": 49,
    "fields": {
        "rutina_diaria": 6,
        "ejercicio": 5
    }
},
{
    "model": "fitness.rutinaejercicio",
    "pk": 50,
    "fields": {
        "rutina_diaria": 6,
        "ejercicio": 9
    }
},
{
    "model": "fitness.rutinaejercicio",
    "pk": 52,
    "fields": {
        "rutina_diaria": 1,
        "ejercicio": 10
    }
},
{
    "model": "fitness.rutinaejercicio",
    "pk": 53,
    "fields": {
        "rutina_diaria": 11,
        "ejercicio": 8
    }
},
{
    "model": "fitness.rutinaejercicio",
    "pk": 54,
    "fields": {
        "rutina_diaria": 10,
        "ejercicio": 8
    }
},
{
    "model": "fitness.rutinaejercicio",
    "pk": 56,
    "fields": {
        "rutina_diaria": 3,
        "ejercicio": 10
    }
},
{
    "model": "fitness.voto",
    "pk": 1,
    "fields": {
        "u_creador": 13,
        "puntuacion": 1,
        "comentario": "Spend gun player voice billion person doctor. Yard than lead article film. Political style suffer for little.",
        "fecha": "2024-03-09T19:11:49.148Z"
    }
},
{
    "model": "fitness.voto",
    "pk": 2,
    "fields": {
        "u_creador": 6,
        "puntuacion": 1,
        "comentario": "Same health threat rich usually. Boy people above evening himself. Baby hotel throw sound voice away exist.\nExecutive one science state available boy. I organization put care near wind early safe.",
        "fecha": "2024-03-09T19:11:49.148Z"
    }
},
{
    "model": "fitness.voto",
    "pk": 3,
    "fields": {
        "u_creador": 12,
        "puntuacion": 1,
        "comentario": "Too world both contain collection. Effect sound bring dream address. End mean whether large.\nUnder training collection ten easy too western. Town what federal future. System hundred star represent.",
        "fecha": "2024-03-09T19:11:49.148Z"
    }
},
{
    "model": "fitness.voto",
    "pk": 4,
    "fields": {
        "u_creador": 10,
        "puntuacion": 1,
        "comentario": "Dark much free. Move while three wife here.\nSing wait total white about major nor structure. Else ready trip bank some view. Now will real try old so. Up south hear market.",
        "fecha": "2024-03-09T19:11:49.148Z"
    }
},
{
    "model": "fitness.voto",
    "pk": 5,
    "fields": {
        "u_creador": 4,
        "puntuacion": 1,
        "comentario": "Feel north tough quality front those feel. Play leader practice report. Who list book.\nWill focus writer song ability development military. Good tell teacher doctor clearly.",
        "fecha": "2024-03-09T19:11:49.148Z"
    }
},
{
    "model": "fitness.voto",
    "pk": 6,
    "fields": {
        "u_creador": 4,
        "puntuacion": 1,
        "comentario": "Bad our newspaper push current statement state. Black ground thousand serious standard trade group. Debate project very later.",
        "fecha": "2024-03-09T19:11:49.148Z"
    }
},
{
    "model": "fitness.voto",
    "pk": 7,
    "fields": {
        "u_creador": 17,
        "puntuacion": 1,
        "comentario": "Teach resource quickly because. Language detail picture about something customer. Many manage decision create.",
        "fecha": "2024-03-09T19:11:49.148Z"
    }
},
{
    "model": "fitness.voto",
    "pk": 8,
    "fields": {
        "u_creador": 7,
        "puntuacion": 1,
        "comentario": "Leave guy big full carry be. Suggest head difficult speech. Difficult sing send dinner mouth water perform.",
        "fecha": "2024-03-09T19:11:49.148Z"
    }
},
{
    "model": "fitness.voto",
    "pk": 9,
    "fields": {
        "u_creador": 15,
        "puntuacion": 1,
        "comentario": "Campaign evidence also themselves Republican weight hold. Next remain term summer. Unit reach market.\nClaim learn state ever different produce. Since change ever nearly.",
        "fecha": "2024-03-09T19:11:49.148Z"
    }
},
{
    "model": "fitness.voto",
    "pk": 10,
    "fields": {
        "u_creador": 6,
        "puntuacion": 1,
        "comentario": "Stock huge picture modern answer if. Movie realize bag help more so capital dark.",
        "fecha": "2024-03-09T19:11:49.148Z"
    }
},
{
    "model": "fitness.voto",
    "pk": 11,
    "fields": {
        "u_creador": 15,
        "puntuacion": 1,
        "comentario": "Couple experience writer low meeting easy plan. Major scene relate look cost voice. Crime result draw single would phone. Standard yourself standard table box act question few.",
        "fecha": "2024-03-09T19:11:49.148Z"
    }
},
{
    "model": "fitness.voto",
    "pk": 12,
    "fields": {
        "u_creador": 13,
        "puntuacion": 1,
        "comentario": "Prove however manage authority drop middle source. Federal resource piece institution behavior garden.",
        "fecha": "2024-03-09T19:11:49.148Z"
    }
},
{
    "model": "fitness.voto",
    "pk": 13,
    "fields": {
        "u_creador": 9,
        "puntuacion": 1,
        "comentario": "Tax focus treatment group. Interest capital technology institution. Apply personal pretty community group.",
        "fecha": "2024-03-09T19:11:49.148Z"
    }
},
{
    "model": "fitness.voto",
    "pk": 14,
    "fields": {
        "u_creador": 15,
        "puntuacion": 1,
        "comentario": "Foreign upon why enough fact. Page actually per check rule tell eat. While it guess whose fight near.",
        "fecha": "2024-03-09T19:11:49.148Z"
    }
},
{
    "model": "fitness.voto",
    "pk": 15,
    "fields": {
        "u_creador": 4,
        "puntuacion": 1,
        "comentario": "Scene once economic tell. Behavior actually authority place.\nTv drug leader reveal inside. Shake recently year staff discussion. More stop push try opportunity ability high try.",
        "fecha": "2024-03-09T19:11:49.148Z"
    }
},
{
    "model": "fitness.promocion",
    "pk": 1,
    "fields": {
        "nombre": "Avoid hit project great goal authority.",
        "descripcion": "According technology maintain product American owner. History successful religious upon source rate.",
        "descuento": 1,
        "fecha": "1984-07-04",
        "usuario": 5
    }
},
{
    "model": "fitness.promocion",
    "pk": 2,
    "fields": {
        "nombre": "Dark political partner big seven see.",
        "descripcion": "Suddenly family treatment part certain beautiful street. Consumer entire through community. Carry become never relate buy.",
        "descuento": 1,
        "fecha": "2003-05-31",
        "usuario": 10
    }
},
{
    "model": "fitness.promocion",
    "pk": 3,
    "fields": {
        "nombre": "Listen song keep.",
        "descripcion": "Thank fire region concern. Market section peace offer role. Rather teacher cup sing cost require.",
        "descuento": 1,
        "fecha": "1972-12-08",
        "usuario": 14
    }
},
{
    "model": "fitness.promocion",
    "pk": 4,
    "fields": {
        "nombre": "Though describe thing conference whether stage.",
        "descripcion": "Back new cut across investment create question. Field cause perform line American sister.\nCatch nation outside teach however past none occur. Development ago easy large human.",
        "descuento": 1,
        "fecha": "1981-01-15",
        "usuario": 6
    }
},
{
    "model": "fitness.promocion",
    "pk": 5,
    "fields": {
        "nombre": "As soon month five on herself view.",
        "descripcion": "Capital night best analysis clear American. Glass hour continue lawyer road. Statement save four ball fire either body low.\nClose exactly no start interest production.",
        "descuento": 1,
        "fecha": "1994-01-21",
        "usuario": 5
    }
},
{
    "model": "fitness.promocion",
    "pk": 6,
    "fields": {
        "nombre": "Land nor everyone administration.",
        "descripcion": "Cover wind star music. Onto strong station office.\nFine scene toward this rate hit choose. Beat interview realize the watch could structure not.",
        "descuento": 1,
        "fecha": "1990-11-07",
        "usuario": 16
    }
},
{
    "model": "fitness.promocion",
    "pk": 7,
    "fields": {
        "nombre": "Fly at mouth series appear.",
        "descripcion": "Red sea form hour treat. Training already history ahead. Show business stuff enough century offer final.",
        "descuento": 1,
        "fecha": "1986-07-25",
        "usuario": 10
    }
},
{
    "model": "fitness.promocion",
    "pk": 8,
    "fields": {
        "nombre": "Wall wear leader as find chance media later.",
        "descripcion": "Thousand seek note theory expect choose recognize live. Radio kind story growth be degree. Trial tell without have role.\nTraining music really relationship. Local debate catch hand pull.",
        "descuento": 1,
        "fecha": "1985-02-25",
        "usuario": 14
    }
},
{
    "model": "fitness.promocion",
    "pk": 9,
    "fields": {
        "nombre": "Site west choose whose program population read.",
        "descripcion": "Fly much short interest ability how enter interest. Picture ground north safe forward support. Son reach lawyer allow movie say break.\nLet good computer back never purpose federal.",
        "descuento": 1,
        "fecha": "1976-05-19",
        "usuario": 9
    }
},
{
    "model": "fitness.promocion",
    "pk": 10,
    "fields": {
        "nombre": "Couple case single town tree.",
        "descripcion": "Heavy continue material matter. Science foreign year occur sit here threat memory.\nMuch any buy would. Later suffer hair group.",
        "descuento": 1,
        "fecha": "2015-09-29",
        "usuario": 7
    }
},
{
    "model": "fitness.promocion",
    "pk": 11,
    "fields": {
        "nombre": "Most edge by under on shake south since.",
        "descripcion": "Around alone knowledge simply hot loss. Capital recently mother a item then religious personal. Myself music among can bring.",
        "descuento": 1,
        "fecha": "1992-01-05",
        "usuario": 4
    }
},
{
    "model": "fitness.promocion",
    "pk": 12,
    "fields": {
        "nombre": "Major us teach part crime majority buy.",
        "descripcion": "What sit indicate receive. Care former agreement drug lawyer purpose. Nice white country cup vote ball property.\nHair space help own improve. War easy section drive whose build human through.",
        "descuento": 1,
        "fecha": "1991-01-29",
        "usuario": 14
    }
},
{
    "model": "fitness.promocion",
    "pk": 13,
    "fields": {
        "nombre": "Question find energy receive skill bad onto.",
        "descripcion": "Not recently pretty center send subject decision. Affect recent now argue enough inside.\nHot effect wrong protect poor letter. Herself attack particular institution player direction.",
        "descuento": 1,
        "fecha": "1976-01-07",
        "usuario": 7
    }
},
{
    "model": "fitness.promocion",
    "pk": 14,
    "fields": {
        "nombre": "War note author build road expect money.",
        "descripcion": "Thousand car because feeling police recently. Employee style all nation.\nSimple say line economic I. Any close building box.",
        "descuento": 1,
        "fecha": "1999-12-15",
        "usuario": 9
    }
},
{
    "model": "fitness.promocion",
    "pk": 15,
    "fields": {
        "nombre": "These production fast radio foot.",
        "descripcion": "Million glass all would lawyer inside. Now enough heart image.\nWant pretty man available. North author realize development.\nSister price read middle relate allow. Perform value sit open.",
        "descuento": 1,
        "fecha": "2010-07-30",
        "usuario": 12
    }
},
{
    "model": "oauth2_provider.application",
    "pk": 1,
    "fields": {
        "client_id": "gabriela",
        "user": 1,
        "redirect_uris": "",
        "post_logout_redirect_uris": "",
        "client_type": "confidential",
        "authorization_grant_type": "password",
        "client_secret": "pbkdf2_sha256$600000$nAeNkyId7AoxlR6ZFN2hOW$tpGEPuK6nnMh1jywrJ+2Ug1d7BY7Yl0jV4xkc4AfUSQ=",
        "name": "Api Fitness",
        "skip_authorization": false,
        "created": "2024-03-09T18:47:02.525Z",
        "updated": "2024-03-09T18:47:02.525Z",
        "algorithm": ""
    }
},
{
    "model": "oauth2_provider.accesstoken",
    "pk": 1,
    "fields": {
        "user": 1,
        "source_refresh_token": null,
        "token": "dxDLkdUWhLkzRydrXf5CQA5P9e0voj",
        "id_token": null,
        "application": 1,
        "expires": "2138-04-08T10:48:51.641Z",
        "scope": "read write groups",
        "created": "2024-03-09T18:48:51.642Z",
        "updated": "2024-03-09T18:48:51.642Z"
    }
},
{
    "model": "oauth2_provider.accesstoken",
    "pk": 2,
    "fields": {
        "user": 3,
        "source_refresh_token": null,
        "token": "w3C527RUJgSnsfIUvwYdP8bcd9Sw0e",
        "id_token": null,
        "application": 1,
        "expires": "2138-04-08T10:54:22.789Z",
        "scope": "read write groups",
        "created": "2024-03-09T18:54:22.789Z",
        "updated": "2024-03-09T18:54:22.789Z"
    }
},
{
    "model": "oauth2_provider.accesstoken",
    "pk": 3,
    "fields": {
        "user": 1,
        "source_refresh_token": null,
        "token": "R27arJdm07WGAB8aancqYVWOvNIHSr",
        "id_token": null,
        "application": 1,
        "expires": "2138-04-08T10:55:48.022Z",
        "scope": "read write groups",
        "created": "2024-03-09T18:55:48.023Z",
        "updated": "2024-03-09T18:55:48.023Z"
    }
},
{
    "model": "oauth2_provider.accesstoken",
    "pk": 4,
    "fields": {
        "user": 1,
        "source_refresh_token": null,
        "token": "sip5DxQyi2yC15Ftij8Zn2YnrbFxAw",
        "id_token": null,
        "application": 1,
        "expires": "2138-04-08T10:55:58.057Z",
        "scope": "read write groups",
        "created": "2024-03-09T18:55:58.058Z",
        "updated": "2024-03-09T18:55:58.058Z"
    }
},
{
    "model": "oauth2_provider.accesstoken",
    "pk": 5,
    "fields": {
        "user": 1,
        "source_refresh_token": null,
        "token": "OjYd3biDRFA1wzY7JCgg8tBwnPpbAi",
        "id_token": null,
        "application": 1,
        "expires": "2138-04-08T11:14:25.914Z",
        "scope": "read write groups",
        "created": "2024-03-09T19:14:25.914Z",
        "updated": "2024-03-09T19:14:25.914Z"
    }
},
{
    "model": "oauth2_provider.accesstoken",
    "pk": 6,
    "fields": {
        "user": 19,
        "source_refresh_token": null,
        "token": "ooCo4aRT5qUfAoVnLlW5nHv7Kh1lwi",
        "id_token": null,
        "application": 1,
        "expires": "2138-04-08T11:28:34.726Z",
        "scope": "read write groups",
        "created": "2024-03-09T19:28:34.727Z",
        "updated": "2024-03-09T19:28:34.727Z"
    }
},
{
    "model": "oauth2_provider.accesstoken",
    "pk": 7,
    "fields": {
        "user": 20,
        "source_refresh_token": null,
        "token": "eMWiVZFBmvTavHcBOJh5WvLwNdpq7x",
        "id_token": null,
        "application": 1,
        "expires": "2138-04-08T13:35:17.035Z",
        "scope": "read write groups",
        "created": "2024-03-09T21:35:17.036Z",
        "updated": "2024-03-09T21:35:17.036Z"
    }
},
{
    "model": "oauth2_provider.accesstoken",
    "pk": 8,
    "fields": {
        "user": 20,
        "source_refresh_token": null,
        "token": "3SHAurrYeGZD9Hv26VKllAsdxAmsrn",
        "id_token": null,
        "application": 1,
        "expires": "2138-04-08T15:42:28.065Z",
        "scope": "read write groups",
        "created": "2024-03-09T23:42:28.065Z",
        "updated": "2024-03-09T23:42:28.065Z"
    }
},
{
    "model": "oauth2_provider.accesstoken",
    "pk": 9,
    "fields": {
        "user": 19,
        "source_refresh_token": null,
        "token": "x7e8QITHIu3U99jmV3jC9eDIEP4mPB",
        "id_token": null,
        "application": 1,
        "expires": "2138-04-08T17:07:59.130Z",
        "scope": "read write groups",
        "created": "2024-03-10T01:07:59.132Z",
        "updated": "2024-03-10T01:07:59.132Z"
    }
},
{
    "model": "oauth2_provider.accesstoken",
    "pk": 10,
    "fields": {
        "user": 19,
        "source_refresh_token": null,
        "token": "uQPLjnlUiDHfjxomLrxigDPqRxDtS1",
        "id_token": null,
        "application": 1,
        "expires": "2138-04-08T17:39:04.604Z",
        "scope": "read write groups",
        "created": "2024-03-10T01:39:04.605Z",
        "updated": "2024-03-10T01:39:04.605Z"
    }
},
{
    "model": "oauth2_provider.accesstoken",
    "pk": 11,
    "fields": {
        "user": 20,
        "source_refresh_token": null,
        "token": "4sFc2eHPR2eMwe8xoOSdNxxIUw77Sl",
        "id_token": null,
        "application": 1,
        "expires": "2138-04-08T17:59:43.217Z",
        "scope": "read write groups",
        "created": "2024-03-10T01:59:43.219Z",
        "updated": "2024-03-10T01:59:43.219Z"
    }
},
{
    "model": "oauth2_provider.accesstoken",
    "pk": 12,
    "fields": {
        "user": 20,
        "source_refresh_token": null,
        "token": "QZolziCqTeLYvfcfBsdM82COgS0ngw",
        "id_token": null,
        "application": 1,
        "expires": "2138-04-08T18:01:25.346Z",
        "scope": "read write groups",
        "created": "2024-03-10T02:01:25.347Z",
        "updated": "2024-03-10T02:01:25.347Z"
    }
},
{
    "model": "oauth2_provider.accesstoken",
    "pk": 13,
    "fields": {
        "user": 19,
        "source_refresh_token": null,
        "token": "ZZsRr0LhPyUv1Z1LTFCJfdoHMWNrTK",
        "id_token": null,
        "application": 1,
        "expires": "2138-04-09T02:42:01.498Z",
        "scope": "read write groups",
        "created": "2024-03-10T10:42:01.500Z",
        "updated": "2024-03-10T10:42:01.500Z"
    }
},
{
    "model": "oauth2_provider.accesstoken",
    "pk": 14,
    "fields": {
        "user": 19,
        "source_refresh_token": null,
        "token": "tY6pe2mWBcbpn05Mw8uenMt70BlPFy",
        "id_token": null,
        "application": 1,
        "expires": "2138-04-09T02:47:09.841Z",
        "scope": "read write groups",
        "created": "2024-03-10T10:47:09.841Z",
        "updated": "2024-03-10T10:47:09.842Z"
    }
},
{
    "model": "oauth2_provider.accesstoken",
    "pk": 15,
    "fields": {
        "user": 19,
        "source_refresh_token": null,
        "token": "cJXNRmh21wu4RC0so9Eof4giLXTddi",
        "id_token": null,
        "application": 1,
        "expires": "2138-04-09T03:56:44.155Z",
        "scope": "read write groups",
        "created": "2024-03-10T11:56:44.156Z",
        "updated": "2024-03-10T11:56:44.156Z"
    }
},
{
    "model": "oauth2_provider.accesstoken",
    "pk": 16,
    "fields": {
        "user": 19,
        "source_refresh_token": null,
        "token": "A2Cc0ctvZ7EdKFOvUde87SvPnpZBSM",
        "id_token": null,
        "application": 1,
        "expires": "2138-04-09T07:35:32.783Z",
        "scope": "read write groups",
        "created": "2024-03-10T15:35:32.786Z",
        "updated": "2024-03-10T15:35:32.786Z"
    }
},
{
    "model": "oauth2_provider.accesstoken",
    "pk": 17,
    "fields": {
        "user": 19,
        "source_refresh_token": null,
        "token": "XhP9MdSAzfIg9jvDQAOz0A8dn9Laj1",
        "id_token": null,
        "application": 1,
        "expires": "2138-04-09T10:50:33.441Z",
        "scope": "read write groups",
        "created": "2024-03-10T18:50:33.443Z",
        "updated": "2024-03-10T18:50:33.443Z"
    }
},
{
    "model": "oauth2_provider.accesstoken",
    "pk": 18,
    "fields": {
        "user": 19,
        "source_refresh_token": null,
        "token": "lOwilNtLPzRvjrlWjfV4INCFJl7tX0",
        "id_token": null,
        "application": 1,
        "expires": "2138-04-09T13:11:13.860Z",
        "scope": "read write groups",
        "created": "2024-03-10T21:11:13.863Z",
        "updated": "2024-03-10T21:11:13.863Z"
    }
},
{
    "model": "oauth2_provider.accesstoken",
    "pk": 19,
    "fields": {
        "user": 19,
        "source_refresh_token": null,
        "token": "w601SKxb6Yz4B4acjnW9HafXnpnyRA",
        "id_token": null,
        "application": 1,
        "expires": "2138-04-09T14:05:47.628Z",
        "scope": "read write groups",
        "created": "2024-03-10T22:05:47.630Z",
        "updated": "2024-03-10T22:05:47.630Z"
    }
},
{
    "model": "oauth2_provider.accesstoken",
    "pk": 20,
    "fields": {
        "user": 19,
        "source_refresh_token": null,
        "token": "jnDhYmD3a6LO3npWYNV9M3SkfaLXYu",
        "id_token": null,
        "application": 1,
        "expires": "2138-04-09T15:31:48.786Z",
        "scope": "read write groups",
        "created": "2024-03-10T23:31:48.788Z",
        "updated": "2024-03-10T23:31:48.788Z"
    }
},
{
    "model": "oauth2_provider.accesstoken",
    "pk": 21,
    "fields": {
        "user": 19,
        "source_refresh_token": null,
        "token": "ODhMGktVKawW7jVkmJdwhrBBNrEs9B",
        "id_token": null,
        "application": 1,
        "expires": "2138-04-09T15:52:18.957Z",
        "scope": "read write groups",
        "created": "2024-03-10T23:52:18.958Z",
        "updated": "2024-03-10T23:52:18.958Z"
    }
},
{
    "model": "oauth2_provider.accesstoken",
    "pk": 22,
    "fields": {
        "user": 19,
        "source_refresh_token": null,
        "token": "BaAOzNPBY1sZIK66RClo8sirpC7n67",
        "id_token": null,
        "application": 1,
        "expires": "2138-04-09T15:54:17.900Z",
        "scope": "read write groups",
        "created": "2024-03-10T23:54:17.901Z",
        "updated": "2024-03-10T23:54:17.901Z"
    }
},
{
    "model": "oauth2_provider.accesstoken",
    "pk": 23,
    "fields": {
        "user": 19,
        "source_refresh_token": null,
        "token": "OvkjMo3L1PCxsq1bQodilTvYZ4T5re",
        "id_token": null,
        "application": 1,
        "expires": "2138-04-09T16:25:05.552Z",
        "scope": "read write groups",
        "created": "2024-03-11T00:25:05.553Z",
        "updated": "2024-03-11T00:25:05.553Z"
    }
},
{
    "model": "oauth2_provider.accesstoken",
    "pk": 24,
    "fields": {
        "user": 19,
        "source_refresh_token": null,
        "token": "Z7KEaWH3tyT3axZpwh4CdvRFnJsTjS",
        "id_token": null,
        "application": 1,
        "expires": "2138-04-09T16:43:56.323Z",
        "scope": "read write groups",
        "created": "2024-03-11T00:43:56.325Z",
        "updated": "2024-03-11T00:43:56.325Z"
    }
},
{
    "model": "oauth2_provider.accesstoken",
    "pk": 25,
    "fields": {
        "user": 19,
        "source_refresh_token": null,
        "token": "RWoKAdRfTCuG3egxILzMIIWpSfWQWE",
        "id_token": null,
        "application": 1,
        "expires": "2138-04-09T18:06:24.865Z",
        "scope": "read write groups",
        "created": "2024-03-11T02:06:24.867Z",
        "updated": "2024-03-11T02:06:24.867Z"
    }
},
{
    "model": "oauth2_provider.accesstoken",
    "pk": 26,
    "fields": {
        "user": 19,
        "source_refresh_token": null,
        "token": "wGsTqpv4OrtVPYHJLQpagpdBWytlJT",
        "id_token": null,
        "application": 1,
        "expires": "2138-04-10T02:17:23.240Z",
        "scope": "read write groups",
        "created": "2024-03-11T10:17:23.241Z",
        "updated": "2024-03-11T10:17:23.241Z"
    }
},
{
    "model": "oauth2_provider.accesstoken",
    "pk": 27,
    "fields": {
        "user": 19,
        "source_refresh_token": null,
        "token": "0DQhQ6EVwrWXPhUZ5kuQbcRURem2kl",
        "id_token": null,
        "application": 1,
        "expires": "2138-04-10T03:26:40.493Z",
        "scope": "read write groups",
        "created": "2024-03-11T11:26:40.494Z",
        "updated": "2024-03-11T11:26:40.494Z"
    }
},
{
    "model": "oauth2_provider.accesstoken",
    "pk": 28,
    "fields": {
        "user": 21,
        "source_refresh_token": null,
        "token": "8vp1A0cSXxTRtjbnXmpQV7r4gUhZgP",
        "id_token": null,
        "application": 1,
        "expires": "2138-04-10T03:28:12.373Z",
        "scope": "read write groups",
        "created": "2024-03-11T11:28:12.374Z",
        "updated": "2024-03-11T11:28:12.374Z"
    }
},
{
    "model": "oauth2_provider.accesstoken",
    "pk": 29,
    "fields": {
        "user": 21,
        "source_refresh_token": null,
        "token": "J1INUpC7fBH5Ed4QIYzyPeEaqX0lk0",
        "id_token": null,
        "application": 1,
        "expires": "2138-04-10T03:32:25.860Z",
        "scope": "read write groups",
        "created": "2024-03-11T11:32:25.860Z",
        "updated": "2024-03-11T11:32:25.860Z"
    }
},
{
    "model": "oauth2_provider.accesstoken",
    "pk": 30,
    "fields": {
        "user": 1,
        "source_refresh_token": null,
        "token": "AU7oUSJoezcVuisp6q376KXcSMbjMA",
        "id_token": null,
        "application": 1,
        "expires": "2138-04-10T03:37:51.238Z",
        "scope": "read write groups",
        "created": "2024-03-11T11:37:51.239Z",
        "updated": "2024-03-11T11:37:51.239Z"
    }
},
{
    "model": "oauth2_provider.accesstoken",
    "pk": 31,
    "fields": {
        "user": 1,
        "source_refresh_token": null,
        "token": "dQKFEimnPkHH7CFHoYsm4hJ9W8wvy3",
        "id_token": null,
        "application": 1,
        "expires": "2138-04-10T03:43:43.381Z",
        "scope": "read write groups",
        "created": "2024-03-11T11:43:43.381Z",
        "updated": "2024-03-11T11:43:43.381Z"
    }
},
{
    "model": "oauth2_provider.accesstoken",
    "pk": 32,
    "fields": {
        "user": 19,
        "source_refresh_token": null,
        "token": "xdnqZbjkoi1EgIwFB4MuK4W2AxAs3Q",
        "id_token": null,
        "application": 1,
        "expires": "2138-04-10T03:54:02.229Z",
        "scope": "read write groups",
        "created": "2024-03-11T11:54:02.230Z",
        "updated": "2024-03-11T11:54:02.230Z"
    }
},
{
    "model": "oauth2_provider.accesstoken",
    "pk": 33,
    "fields": {
        "user": 1,
        "source_refresh_token": null,
        "token": "1e4dkWrEITLVl7BObT2BmfIzQu79Ar",
        "id_token": null,
        "application": 1,
        "expires": "2138-04-10T04:01:19.293Z",
        "scope": "read write groups",
        "created": "2024-03-11T12:01:19.293Z",
        "updated": "2024-03-11T12:01:19.293Z"
    }
},
{
    "model": "oauth2_provider.accesstoken",
    "pk": 34,
    "fields": {
        "user": 19,
        "source_refresh_token": null,
        "token": "BTIdxXLEEd5r88q1a00bJVJOJ8m2Ee",
        "id_token": null,
        "application": 1,
        "expires": "2138-04-10T04:02:43.951Z",
        "scope": "read write groups",
        "created": "2024-03-11T12:02:43.951Z",
        "updated": "2024-03-11T12:02:43.951Z"
    }
},
{
    "model": "oauth2_provider.accesstoken",
    "pk": 35,
    "fields": {
        "user": 20,
        "source_refresh_token": null,
        "token": "jyC7FPurHwEnyUrqLo3aXcxyreajZ4",
        "id_token": null,
        "application": 1,
        "expires": "2138-04-10T04:29:53.506Z",
        "scope": "read write groups",
        "created": "2024-03-11T12:29:53.506Z",
        "updated": "2024-03-11T12:29:53.506Z"
    }
},
{
    "model": "oauth2_provider.accesstoken",
    "pk": 36,
    "fields": {
        "user": 20,
        "source_refresh_token": null,
        "token": "btSzyi1cAPAo5KHcSobRwXoJTMGBvU",
        "id_token": null,
        "application": 1,
        "expires": "2138-04-10T05:44:39.401Z",
        "scope": "read write groups",
        "created": "2024-03-11T13:44:39.402Z",
        "updated": "2024-03-11T13:44:39.402Z"
    }
},
{
    "model": "oauth2_provider.accesstoken",
    "pk": 37,
    "fields": {
        "user": 1,
        "source_refresh_token": null,
        "token": "QO14gWwTo99u6XXonfpndbLiaoGk9Y",
        "id_token": null,
        "application": 1,
        "expires": "2138-04-10T05:46:18.787Z",
        "scope": "read write groups",
        "created": "2024-03-11T13:46:18.788Z",
        "updated": "2024-03-11T13:46:18.788Z"
    }
},
{
    "model": "oauth2_provider.accesstoken",
    "pk": 38,
    "fields": {
        "user": 19,
        "source_refresh_token": null,
        "token": "thyyrxM67yYTyCRuL7YbZSuNQm4vGC",
        "id_token": null,
        "application": 1,
        "expires": "2138-04-10T05:46:37.358Z",
        "scope": "read write groups",
        "created": "2024-03-11T13:46:37.359Z",
        "updated": "2024-03-11T13:46:37.359Z"
    }
},
{
    "model": "oauth2_provider.accesstoken",
    "pk": 39,
    "fields": {
        "user": 19,
        "source_refresh_token": null,
        "token": "8LRYVyQo0lEhmwg5WwujBkNpYRnzzr",
        "id_token": null,
        "application": 1,
        "expires": "2138-04-10T05:48:22.747Z",
        "scope": "read write groups",
        "created": "2024-03-11T13:48:22.748Z",
        "updated": "2024-03-11T13:48:22.748Z"
    }
},
{
    "model": "oauth2_provider.accesstoken",
    "pk": 40,
    "fields": {
        "user": 20,
        "source_refresh_token": null,
        "token": "5FIE4OxA1f1L6xyPdSWehp0NzYQKnQ",
        "id_token": null,
        "application": 1,
        "expires": "2138-04-10T05:57:41.332Z",
        "scope": "read write groups",
        "created": "2024-03-11T13:57:41.333Z",
        "updated": "2024-03-11T13:57:41.333Z"
    }
},
{
    "model": "oauth2_provider.accesstoken",
    "pk": 41,
    "fields": {
        "user": 19,
        "source_refresh_token": null,
        "token": "KjqyLhTweversts3Y6CUJhYgFOFL0G",
        "id_token": null,
        "application": 1,
        "expires": "2138-04-10T05:58:20.278Z",
        "scope": "read write groups",
        "created": "2024-03-11T13:58:20.278Z",
        "updated": "2024-03-11T13:58:20.278Z"
    }
},
{
    "model": "oauth2_provider.accesstoken",
    "pk": 42,
    "fields": {
        "user": 21,
        "source_refresh_token": null,
        "token": "KkOcfefZJyUvbwhkeQQgcBu8s3oFyS",
        "id_token": null,
        "application": 1,
        "expires": "2138-04-10T06:01:12.906Z",
        "scope": "read write groups",
        "created": "2024-03-11T14:01:12.907Z",
        "updated": "2024-03-11T14:01:12.907Z"
    }
},
{
    "model": "oauth2_provider.accesstoken",
    "pk": 43,
    "fields": {
        "user": 21,
        "source_refresh_token": null,
        "token": "aJk3oNdL3VjNwU7zgMR0EHyq8CVq9m",
        "id_token": null,
        "application": 1,
        "expires": "2138-04-10T06:11:07.224Z",
        "scope": "read write groups",
        "created": "2024-03-11T14:11:07.226Z",
        "updated": "2024-03-11T14:11:07.226Z"
    }
},
{
    "model": "oauth2_provider.accesstoken",
    "pk": 44,
    "fields": {
        "user": 19,
        "source_refresh_token": null,
        "token": "TfGhmDbZeeQLJ6lCnZPSKUk0sFflQb",
        "id_token": null,
        "application": 1,
        "expires": "2138-04-10T08:33:43.900Z",
        "scope": "read write groups",
        "created": "2024-03-11T16:33:43.901Z",
        "updated": "2024-03-11T16:33:43.901Z"
    }
},
{
    "model": "oauth2_provider.accesstoken",
    "pk": 45,
    "fields": {
        "user": 21,
        "source_refresh_token": null,
        "token": "EpANIaPibxW5wWIcNHEqa27E9l13B9",
        "id_token": null,
        "application": 1,
        "expires": "2138-04-10T08:40:46.282Z",
        "scope": "read write groups",
        "created": "2024-03-11T16:40:46.283Z",
        "updated": "2024-03-11T16:40:46.283Z"
    }
},
{
    "model": "oauth2_provider.accesstoken",
    "pk": 46,
    "fields": {
        "user": 21,
        "source_refresh_token": null,
        "token": "eUS969VSB4w35E4yiFriHYDmYdwRQV",
        "id_token": null,
        "application": 1,
        "expires": "2138-04-10T08:42:47.005Z",
        "scope": "read write groups",
        "created": "2024-03-11T16:42:47.005Z",
        "updated": "2024-03-11T16:42:47.005Z"
    }
},
{
    "model": "oauth2_provider.accesstoken",
    "pk": 47,
    "fields": {
        "user": 19,
        "source_refresh_token": null,
        "token": "Dw9833DBCRQCzbFF9tzwBG5KJPRPl3",
        "id_token": null,
        "application": 1,
        "expires": "2138-04-10T08:51:04.450Z",
        "scope": "read write groups",
        "created": "2024-03-11T16:51:04.451Z",
        "updated": "2024-03-11T16:51:04.451Z"
    }
},
{
    "model": "oauth2_provider.accesstoken",
    "pk": 48,
    "fields": {
        "user": 25,
        "source_refresh_token": null,
        "token": "kq0C582G0cXuqqvP4OIic6MrPRMBq7",
        "id_token": null,
        "application": 1,
        "expires": "2138-04-10T09:59:01.255Z",
        "scope": "read write groups",
        "created": "2024-03-11T17:59:01.255Z",
        "updated": "2024-03-11T17:59:01.255Z"
    }
},
{
    "model": "oauth2_provider.refreshtoken",
    "pk": 1,
    "fields": {
        "user": 1,
        "token": "81rl9I1p1OrVMAWqizsBGhpgRC4mRh",
        "application": 1,
        "access_token": 1,
        "created": "2024-03-09T18:48:51.643Z",
        "updated": "2024-03-09T18:48:51.643Z",
        "revoked": null
    }
},
{
    "model": "oauth2_provider.refreshtoken",
    "pk": 2,
    "fields": {
        "user": 3,
        "token": "uYENFK9j2AivzELhDjqfCeSDUErjyz",
        "application": 1,
        "access_token": 2,
        "created": "2024-03-09T18:54:22.792Z",
        "updated": "2024-03-09T18:54:22.792Z",
        "revoked": null
    }
},
{
    "model": "oauth2_provider.refreshtoken",
    "pk": 3,
    "fields": {
        "user": 1,
        "token": "vIMzg7oWPxUaCkBuu0CJ6SZWPvPcSb",
        "application": 1,
        "access_token": 3,
        "created": "2024-03-09T18:55:48.025Z",
        "updated": "2024-03-09T18:55:48.025Z",
        "revoked": null
    }
},
{
    "model": "oauth2_provider.refreshtoken",
    "pk": 4,
    "fields": {
        "user": 1,
        "token": "HANgTtt9uS50mPMN1Qa6CtYg8m3KTK",
        "application": 1,
        "access_token": 4,
        "created": "2024-03-09T18:55:58.059Z",
        "updated": "2024-03-09T18:55:58.059Z",
        "revoked": null
    }
},
{
    "model": "oauth2_provider.refreshtoken",
    "pk": 5,
    "fields": {
        "user": 1,
        "token": "OdeSFOOG2X8dGNU6o2Y3dbXdX0lreh",
        "application": 1,
        "access_token": 5,
        "created": "2024-03-09T19:14:25.915Z",
        "updated": "2024-03-09T19:14:25.915Z",
        "revoked": null
    }
},
{
    "model": "oauth2_provider.refreshtoken",
    "pk": 6,
    "fields": {
        "user": 19,
        "token": "mSoXtxTgY3atNaD2N9Rskz2xkKAUK5",
        "application": 1,
        "access_token": 6,
        "created": "2024-03-09T19:28:34.729Z",
        "updated": "2024-03-09T19:28:34.729Z",
        "revoked": null
    }
},
{
    "model": "oauth2_provider.refreshtoken",
    "pk": 7,
    "fields": {
        "user": 20,
        "token": "BmRGbZOZGz7Yg5w82j6UsGy9NEiQfL",
        "application": 1,
        "access_token": 7,
        "created": "2024-03-09T21:35:17.042Z",
        "updated": "2024-03-09T21:35:17.043Z",
        "revoked": null
    }
},
{
    "model": "oauth2_provider.refreshtoken",
    "pk": 8,
    "fields": {
        "user": 20,
        "token": "QJT8o3w7Z74VqZF5I9ipnF6R7SOhdv",
        "application": 1,
        "access_token": 8,
        "created": "2024-03-09T23:42:28.074Z",
        "updated": "2024-03-09T23:42:28.075Z",
        "revoked": null
    }
},
{
    "model": "oauth2_provider.refreshtoken",
    "pk": 9,
    "fields": {
        "user": 19,
        "token": "btf6fbCthslc9sQEPFf2lKmxTDmUSv",
        "application": 1,
        "access_token": 9,
        "created": "2024-03-10T01:07:59.138Z",
        "updated": "2024-03-10T01:07:59.138Z",
        "revoked": null
    }
},
{
    "model": "oauth2_provider.refreshtoken",
    "pk": 10,
    "fields": {
        "user": 19,
        "token": "eaoUxqSREsvKdosPm8kj8rSDk2YQtf",
        "application": 1,
        "access_token": 10,
        "created": "2024-03-10T01:39:04.611Z",
        "updated": "2024-03-10T01:39:04.611Z",
        "revoked": null
    }
},
{
    "model": "oauth2_provider.refreshtoken",
    "pk": 11,
    "fields": {
        "user": 20,
        "token": "5wm0xc7UMXRnzGcbiCy7idtKcYJgBh",
        "application": 1,
        "access_token": 11,
        "created": "2024-03-10T01:59:43.227Z",
        "updated": "2024-03-10T01:59:43.227Z",
        "revoked": null
    }
},
{
    "model": "oauth2_provider.refreshtoken",
    "pk": 12,
    "fields": {
        "user": 20,
        "token": "JjR1gOnaoybVPTph0Jn4PERErCAlMu",
        "application": 1,
        "access_token": 12,
        "created": "2024-03-10T02:01:25.348Z",
        "updated": "2024-03-10T02:01:25.348Z",
        "revoked": null
    }
},
{
    "model": "oauth2_provider.refreshtoken",
    "pk": 13,
    "fields": {
        "user": 19,
        "token": "dMkTlCvm2mZfUR0nwtRLazzgiXhOK9",
        "application": 1,
        "access_token": 13,
        "created": "2024-03-10T10:42:01.511Z",
        "updated": "2024-03-10T10:42:01.511Z",
        "revoked": null
    }
},
{
    "model": "oauth2_provider.refreshtoken",
    "pk": 14,
    "fields": {
        "user": 19,
        "token": "YR6pc9do3K86XQpmkKeaF7OhB5Xoca",
        "application": 1,
        "access_token": 14,
        "created": "2024-03-10T10:47:09.843Z",
        "updated": "2024-03-10T10:47:09.843Z",
        "revoked": null
    }
},
{
    "model": "oauth2_provider.refreshtoken",
    "pk": 15,
    "fields": {
        "user": 19,
        "token": "nkcvnsxxwSOHdgLr98tNgxRVCxklGW",
        "application": 1,
        "access_token": 15,
        "created": "2024-03-10T11:56:44.158Z",
        "updated": "2024-03-10T11:56:44.158Z",
        "revoked": null
    }
},
{
    "model": "oauth2_provider.refreshtoken",
    "pk": 16,
    "fields": {
        "user": 19,
        "token": "227HPnCyokwrYHoPgKRamk2ZFiolKP",
        "application": 1,
        "access_token": 16,
        "created": "2024-03-10T15:35:32.793Z",
        "updated": "2024-03-10T15:35:32.793Z",
        "revoked": null
    }
},
{
    "model": "oauth2_provider.refreshtoken",
    "pk": 17,
    "fields": {
        "user": 19,
        "token": "quQB07FxjWWhLv6thFrbiIjOc94JDY",
        "application": 1,
        "access_token": 17,
        "created": "2024-03-10T18:50:33.451Z",
        "updated": "2024-03-10T18:50:33.451Z",
        "revoked": null
    }
},
{
    "model": "oauth2_provider.refreshtoken",
    "pk": 18,
    "fields": {
        "user": 19,
        "token": "07rREJCmjlG5KB9uDJyW7AvH629G74",
        "application": 1,
        "access_token": 18,
        "created": "2024-03-10T21:11:13.870Z",
        "updated": "2024-03-10T21:11:13.870Z",
        "revoked": null
    }
},
{
    "model": "oauth2_provider.refreshtoken",
    "pk": 19,
    "fields": {
        "user": 19,
        "token": "slM3dgPmMS51X09lwRXwC1O7ETAfS3",
        "application": 1,
        "access_token": 19,
        "created": "2024-03-10T22:05:47.640Z",
        "updated": "2024-03-10T22:05:47.640Z",
        "revoked": null
    }
},
{
    "model": "oauth2_provider.refreshtoken",
    "pk": 20,
    "fields": {
        "user": 19,
        "token": "1pGj1Y1RNyfWgX4jFdfV6rcLzZ10XO",
        "application": 1,
        "access_token": 20,
        "created": "2024-03-10T23:31:48.796Z",
        "updated": "2024-03-10T23:31:48.796Z",
        "revoked": null
    }
},
{
    "model": "oauth2_provider.refreshtoken",
    "pk": 21,
    "fields": {
        "user": 19,
        "token": "T2OlvDUmrrtZTfAwsffZrWzlKfqFyD",
        "application": 1,
        "access_token": 21,
        "created": "2024-03-10T23:52:18.962Z",
        "updated": "2024-03-10T23:52:18.962Z",
        "revoked": null
    }
},
{
    "model": "oauth2_provider.refreshtoken",
    "pk": 22,
    "fields": {
        "user": 19,
        "token": "6OLIhwPqOLCm0mMjB7UdnUenYTcwU2",
        "application": 1,
        "access_token": 22,
        "created": "2024-03-10T23:54:17.903Z",
        "updated": "2024-03-10T23:54:17.903Z",
        "revoked": null
    }
},
{
    "model": "oauth2_provider.refreshtoken",
    "pk": 23,
    "fields": {
        "user": 19,
        "token": "gwX94OsanVHSRiyj8krmQFBz6r0Uug",
        "application": 1,
        "access_token": 23,
        "created": "2024-03-11T00:25:05.561Z",
        "updated": "2024-03-11T00:25:05.561Z",
        "revoked": null
    }
},
{
    "model": "oauth2_provider.refreshtoken",
    "pk": 24,
    "fields": {
        "user": 19,
        "token": "ecZ2tbdJuzzIWPCsjyfESndlmBi48k",
        "application": 1,
        "access_token": 24,
        "created": "2024-03-11T00:43:56.332Z",
        "updated": "2024-03-11T00:43:56.333Z",
        "revoked": null
    }
},
{
    "model": "oauth2_provider.refreshtoken",
    "pk": 25,
    "fields": {
        "user": 19,
        "token": "pOkWewrK3oM2n6B3y9mUZxjrCvVXZU",
        "application": 1,
        "access_token": 25,
        "created": "2024-03-11T02:06:24.876Z",
        "updated": "2024-03-11T02:06:24.876Z",
        "revoked": null
    }
},
{
    "model": "oauth2_provider.refreshtoken",
    "pk": 26,
    "fields": {
        "user": 19,
        "token": "EC8Jq18cNAQLwSxpplW4zRYHdcTJf7",
        "application": 1,
        "access_token": 26,
        "created": "2024-03-11T10:17:23.248Z",
        "updated": "2024-03-11T10:17:23.248Z",
        "revoked": null
    }
},
{
    "model": "oauth2_provider.refreshtoken",
    "pk": 27,
    "fields": {
        "user": 19,
        "token": "O86x7QteHyQihD2KTcUgpMAx5gHlxq",
        "application": 1,
        "access_token": 27,
        "created": "2024-03-11T11:26:40.496Z",
        "updated": "2024-03-11T11:26:40.496Z",
        "revoked": null
    }
},
{
    "model": "oauth2_provider.refreshtoken",
    "pk": 28,
    "fields": {
        "user": 21,
        "token": "3pRAZMHz1d69GZI9O9ZEuEcYhNxlH4",
        "application": 1,
        "access_token": 28,
        "created": "2024-03-11T11:28:12.375Z",
        "updated": "2024-03-11T11:28:12.375Z",
        "revoked": null
    }
},
{
    "model": "oauth2_provider.refreshtoken",
    "pk": 29,
    "fields": {
        "user": 21,
        "token": "XKNLyXh3Gjj1T8COk8fmnAR16gnyUP",
        "application": 1,
        "access_token": 29,
        "created": "2024-03-11T11:32:25.862Z",
        "updated": "2024-03-11T11:32:25.862Z",
        "revoked": null
    }
},
{
    "model": "oauth2_provider.refreshtoken",
    "pk": 30,
    "fields": {
        "user": 1,
        "token": "y1PlXrDUqrSdub45CF85kwhCAmeEUr",
        "application": 1,
        "access_token": 30,
        "created": "2024-03-11T11:37:51.240Z",
        "updated": "2024-03-11T11:37:51.240Z",
        "revoked": null
    }
},
{
    "model": "oauth2_provider.refreshtoken",
    "pk": 31,
    "fields": {
        "user": 1,
        "token": "AVs2PeI74XP9kID4i0cRhOQRKI6tCi",
        "application": 1,
        "access_token": 31,
        "created": "2024-03-11T11:43:43.382Z",
        "updated": "2024-03-11T11:43:43.382Z",
        "revoked": null
    }
},
{
    "model": "oauth2_provider.refreshtoken",
    "pk": 32,
    "fields": {
        "user": 19,
        "token": "m9vOR0S796oSDElyjVzbIwXSH4Qsme",
        "application": 1,
        "access_token": 32,
        "created": "2024-03-11T11:54:02.231Z",
        "updated": "2024-03-11T11:54:02.231Z",
        "revoked": null
    }
},
{
    "model": "oauth2_provider.refreshtoken",
    "pk": 33,
    "fields": {
        "user": 1,
        "token": "GkVJBL4XkIhHImdqSpnL4NdaU24PVz",
        "application": 1,
        "access_token": 33,
        "created": "2024-03-11T12:01:19.294Z",
        "updated": "2024-03-11T12:01:19.294Z",
        "revoked": null
    }
},
{
    "model": "oauth2_provider.refreshtoken",
    "pk": 34,
    "fields": {
        "user": 19,
        "token": "cmYoDFgSeYctp9XrMpEi43RbL9NMl1",
        "application": 1,
        "access_token": 34,
        "created": "2024-03-11T12:02:43.952Z",
        "updated": "2024-03-11T12:02:43.952Z",
        "revoked": null
    }
},
{
    "model": "oauth2_provider.refreshtoken",
    "pk": 35,
    "fields": {
        "user": 20,
        "token": "hjtTojwjzTRKCqFx0ZT08lJWfhTygD",
        "application": 1,
        "access_token": 35,
        "created": "2024-03-11T12:29:53.507Z",
        "updated": "2024-03-11T12:29:53.507Z",
        "revoked": null
    }
},
{
    "model": "oauth2_provider.refreshtoken",
    "pk": 36,
    "fields": {
        "user": 20,
        "token": "abysRF6aGE5g8CF3cEUrH6FLNUQ4mI",
        "application": 1,
        "access_token": 36,
        "created": "2024-03-11T13:44:39.403Z",
        "updated": "2024-03-11T13:44:39.403Z",
        "revoked": null
    }
},
{
    "model": "oauth2_provider.refreshtoken",
    "pk": 37,
    "fields": {
        "user": 1,
        "token": "lGkQldVwQv9s0MZwaCBWIOwo8IKpJE",
        "application": 1,
        "access_token": 37,
        "created": "2024-03-11T13:46:18.789Z",
        "updated": "2024-03-11T13:46:18.789Z",
        "revoked": null
    }
},
{
    "model": "oauth2_provider.refreshtoken",
    "pk": 38,
    "fields": {
        "user": 19,
        "token": "h8pUDh2lDF26HjcA8cHqCIWk8UZO8x",
        "application": 1,
        "access_token": 38,
        "created": "2024-03-11T13:46:37.360Z",
        "updated": "2024-03-11T13:46:37.360Z",
        "revoked": null
    }
},
{
    "model": "oauth2_provider.refreshtoken",
    "pk": 39,
    "fields": {
        "user": 19,
        "token": "JxJ6JXhNHGzHCdhOpiaoXkwRDzf5P8",
        "application": 1,
        "access_token": 39,
        "created": "2024-03-11T13:48:22.749Z",
        "updated": "2024-03-11T13:48:22.749Z",
        "revoked": null
    }
},
{
    "model": "oauth2_provider.refreshtoken",
    "pk": 40,
    "fields": {
        "user": 20,
        "token": "VLVf00N0NjUzixwbu8xTyPMo16ztxX",
        "application": 1,
        "access_token": 40,
        "created": "2024-03-11T13:57:41.334Z",
        "updated": "2024-03-11T13:57:41.334Z",
        "revoked": null
    }
},
{
    "model": "oauth2_provider.refreshtoken",
    "pk": 41,
    "fields": {
        "user": 19,
        "token": "aNzG1GT1cIbS5RviZ0iDfhBvc09NeI",
        "application": 1,
        "access_token": 41,
        "created": "2024-03-11T13:58:20.279Z",
        "updated": "2024-03-11T13:58:20.279Z",
        "revoked": null
    }
},
{
    "model": "oauth2_provider.refreshtoken",
    "pk": 42,
    "fields": {
        "user": 21,
        "token": "qYPHzROY5KftpZrmYfoCF6s7KdVcYd",
        "application": 1,
        "access_token": 42,
        "created": "2024-03-11T14:01:12.909Z",
        "updated": "2024-03-11T14:01:12.909Z",
        "revoked": null
    }
},
{
    "model": "oauth2_provider.refreshtoken",
    "pk": 43,
    "fields": {
        "user": 21,
        "token": "ueG2fWuOnIXtHGtlVkpsZrA1J31Zhp",
        "application": 1,
        "access_token": 43,
        "created": "2024-03-11T14:11:07.228Z",
        "updated": "2024-03-11T14:11:07.228Z",
        "revoked": null
    }
},
{
    "model": "oauth2_provider.refreshtoken",
    "pk": 44,
    "fields": {
        "user": 19,
        "token": "yXfSwosty1NyEzjDNckmrNUBwhQZmn",
        "application": 1,
        "access_token": 44,
        "created": "2024-03-11T16:33:43.910Z",
        "updated": "2024-03-11T16:33:43.910Z",
        "revoked": null
    }
},
{
    "model": "oauth2_provider.refreshtoken",
    "pk": 45,
    "fields": {
        "user": 21,
        "token": "pJhXFt87faQcSSMXgd7Aynwo7a1N8i",
        "application": 1,
        "access_token": 45,
        "created": "2024-03-11T16:40:46.284Z",
        "updated": "2024-03-11T16:40:46.285Z",
        "revoked": null
    }
},
{
    "model": "oauth2_provider.refreshtoken",
    "pk": 46,
    "fields": {
        "user": 21,
        "token": "KFRxO2SLcHujTd8r5cUFjfdhZqxOwZ",
        "application": 1,
        "access_token": 46,
        "created": "2024-03-11T16:42:47.007Z",
        "updated": "2024-03-11T16:42:47.007Z",
        "revoked": null
    }
},
{
    "model": "oauth2_provider.refreshtoken",
    "pk": 47,
    "fields": {
        "user": 19,
        "token": "clRggIWk4bm6LqFUY15AAw7Ozw15lf",
        "application": 1,
        "access_token": 47,
        "created": "2024-03-11T16:51:04.453Z",
        "updated": "2024-03-11T16:51:04.453Z",
        "revoked": null
    }
},
{
    "model": "oauth2_provider.refreshtoken",
    "pk": 48,
    "fields": {
        "user": 25,
        "token": "MyTcSaGF8HzPOhtNLnf1aQmJ6bHCTL",
        "application": 1,
        "access_token": 48,
        "created": "2024-03-11T17:59:01.256Z",
        "updated": "2024-03-11T17:59:01.256Z",
        "revoked": null
    }
}
]
